"Year","Month","Pl_inp_t_C_ha","OA_inp_t_C_ha","TEMP_C","RM_Temp","RAIN_mm","PEVAP_mm","SMD_mm","RM_Moist","PC","RM_PC","DPM_t_C_ha","RPM_t_C_ha","Bio_t_C_ha","Hum_t_C_ha","IOM_t_C_ha","SOC_t_C_ha","CO2_t_C_ha"
1939,1,0,0,3.99,0.405041364799995,114.5,8.2,0,1,1,0.6,0.131140370341703,5.78557246046886,0.869289320516119,32.6176588950937,3.0041,42.4077610464204,0.0696591379216194
1939,2,0,0,5.37,0.533478324308255,30.7,17.2,0,1,1,0.6,0.100436844466413,5.73946004382531,0.865265716593756,32.6133473040861,3.0041,42.3226099089715,0.154810275370433
1939,3,0,0,5.46,0.542529809884423,51.6,43.1,0,1,1,0.6,0.0765745067846303,5.69294215810169,0.860451163933126,32.6080301044562,3.0041,42.2420979332756,0.235322251066357
1939,4,0,0,8.3,0.868754071811216,90.3,68.2,0,1,1,0.6,0.0495948588354453,5.61923693873439,0.851756591393343,32.5980545049376,3.0041,42.1227428939008,0.354677290441209
1939,5,0,0,10.53,1.17567220836429,40.4,99.3,-34.075,0.547972705396705,1,0.6,0.0359370585806479,5.56519672468904,0.844703134367422,32.5898133221012,3.0041,42.0397502397383,0.43766994460364
1939,6,0,0,13.55,1.65060319843175,74.9,112.5,-43.55,0.244640287449645,1,0.6,0.0293668655022858,5.53158987291543,0.840095901723379,32.5843736457055,3.0041,41.9895262858466,0.487893898495338
1939,7,0,0,15.56,1.99702879506593,59.8,128.9,-44.9444,0.2,1,0.6,0.0240507008028157,5.49854871518354,0.835451254849522,32.5788226533987,3.0041,41.9409733242346,0.536446860107363
1939,8,1.4643,0,16.06,2.08626628613496,96.4,104.4,-26.8444,0.779452956711535,1,0.6,0.874896177966213,5.9661197170804,0.816508154477884,32.554892680454,3.0041,43.2165167299785,0.725203454363478
1939,9,0,0,14.07,1.73818179683956,25.2,64.2,-26.8444,0.779452956711535,0,1,0.282896029021859,5.76742656785844,0.851906483548786,32.5918473401871,3.0041,42.4981764206162,1.44354376372575
1939,10,0,0,7.91,0.819458158616149,103.6,27.7,0,1,0,1,0.142907510698639,5.65047450581382,0.848904293412695,32.5879131063936,3.0041,42.2342994163187,1.70742076802325
1939,11,0,0,8.47,0.890667837689756,105.4,12.9,0,1,1,0.6,0.0915480273670343,5.5754861057219,0.842653259458303,32.5804269240754,3.0041,42.0942143166226,1.84750586771937
1939,12,0,0,2.36,0.278714613274341,58,3.6,0,1,1,0.6,0.0796391986662985,5.5522252214084,0.840233599341739,32.5775636282682,3.0041,42.0537616476846,1.88795853665739
1940,1,0,0,-2.6,0.055013765558561,56.1,2.4,0,1,1,0.6,0.0774784268525403,5.5476453790762,0.839734376156455,32.5769744876436,3.0041,42.0459326697288,1.89578751461315
1940,2,0,0,1.61,0.229811908733405,52.9,18.2,0,1,1,0.6,0.0690681418312258,5.52855457807843,0.837601773215194,32.5744329189382,3.0041,42.013757412063,1.92796277227898
1940,3,0,0,5.97,0.595357786022696,79.1,47.1,0,1,1,0.6,0.0512858398130403,5.47940235821471,0.831763036604356,32.5673206944428,3.0041,41.9338719290749,2.00784825526709
1940,4,0.0571,0,8.52,0.897161684497962,69.7,78.9,0,1,1,0.6,0.0664481564869039,5.4295572384009,0.822299912202913,32.5554911632815,3.0041,41.8778964703722,2.1209237139698
1940,5,0.0571,0,12.14,1.42125696671295,45.8,105.3,-33.175,0.576785283354737,1,0.6,0.0778040455362946,5.38660160370949,0.814346560366743,32.5452414212236,3.0041,41.8280936308361,2.22782655350585
1940,6,0.0571,0,15.66,2.01478700835641,35.4,120.3,-44.9444,0.2,1,0.6,0.0973068603241688,5.37754081882696,0.810776150892799,32.5405663484208,3.0041,41.8302901784647,2.28273000587724
1940,7,0.0571,0,14.77,1.85839674590368,82.2,124.7,-44.9444,0.2,1,0.6,0.114504690677098,5.37104300502104,0.807859983598813,32.5366532997108,3.0041,41.8341609790077,2.33595920533426
1940,8,0.0571,0,15.47,1.98108555009598,6,111.3,-44.9444,0.2,1,0.6,0.127626419583137,5.36261576911309,0.805088783644739,32.5328303421697,3.0041,41.8322613145107,2.39495886983129
1940,9,0.2854,0,12.62,1.49793258821641,29.7,62.9,-44.9444,0.2,1,0.6,0.278314870013209,5.45552824425666,0.803228069267018,32.530198688271,3.0041,42.0713698718079,2.44125031253406
1940,10,0,0,8.8,0.933931573097658,81.4,28.1,0,1,1,0.6,0.174476020201671,5.37963472943039,0.80274381381622,32.5278807115306,3.0041,41.8888352749789,2.62378490936308
1940,11,0,0,6.39,0.640802953040597,189.3,6,0,1,1,0.6,0.126644738964899,5.32817316375784,0.799899837572754,32.5234230575624,3.0041,41.7822407978579,2.73037938648411
1940,12,0,0,3.03,0.32730150318638,46.2,3,0,1,1,0.6,0.10752625862711,5.30207848609021,0.797874129729831,32.520489483624,3.0041,41.7320683580712,2.78055182627078
1941,1,0,0,-0.03,0.142509347318336,74.8,4,0,1,0,1,0.0954857760592996,5.28322220238202,0.79621501427358,32.5181312820301,3.0041,41.697154274745,2.81546590959694
1941,2,0,0,3.28,0.346623995567065,55.9,16.1,0,1,0,1,0.0715305023459957,5.23763770640678,0.791711558991281,32.5117144959934,3.0041,41.6166942637374,2.89592592060455
1941,3,0,0,4.5,0.450228189634225,88.3,43,0,1,0,1,0.049152799680711,5.17901494202028,0.785059814851831,32.5022506452753,3.0041,41.5195782018282,2.99304198251381
1941,4,0,0,6.18,0.617863160403413,45.6,73.9,-9.825,1,0,1,0.0293721762427022,5.09963155776134,0.775016398026208,32.4877996892883,3.0041,41.3959198213185,3.11670036302345
1941,5,0,0,8.42,0.884196039161518,58.6,104.3,-29.45,0.696037342125481,1,0.6,0.0215921777830435,5.05277092905124,0.768627590462569,32.4786029315228,3.0041,41.3256936288196,3.18692655552234
1941,6,0,0,15.01,1.90019312955513,40.9,120.8,-44.9444,0.2,1,0.6,0.0178555037935363,5.0240491504071,0.764589452584662,32.4727670840022,3.0041,41.2833611907875,3.22925899355451
1941,7,0,0,17.53,2.35457419403648,67.8,134.9,-44.9444,0.2,1,0.6,0.0141095853301806,4.98868570678897,0.759544029703834,32.465396344677,3.0041,41.2318356665,3.28078451784196
1941,8,0,0,14.5,1.81172378794139,105,102.9,-17.1194,1,1,0.6,0.00570300074665701,4.85493946384828,0.740429628720718,32.4359386359631,3.0041,41.0411107292787,3.47150945506322
1941,9,1.3266,0,13.95,1.71783692073746,25.5,65.7,-40.8944,0.329656600811144,1,0.6,0.787256007354289,5.35751479206933,0.73431717655255,32.4264925775732,3.0041,42.3096805535494,3.52953963079257
1941,10,0,0,9.84,1.0763413372115,52.5,29.5,-10.5194,1,0,1,0.321051766479082,5.21527425092427,0.764332760447487,32.453160134025,3.0041,41.7579189118758,4.08130127246613
1941,11,0,0,6.25,0.625461653586842,69.6,10.2,0,1,0,1,0.190639523204578,5.13435966031021,0.766100262199977,32.4517635432507,3.0041,41.5469629889655,4.29225719537649
1941,12,0,0,4.94,0.491365615062217,42.8,4.4,0,1,0,1,0.126584869187009,5.07167427182243,0.763377051668473,32.4459806251946,3.0041,41.4117168178725,4.42750336646949
1942,1,0,0,-0.21,0.1345076857852,71,7,0,1,0,1,0.113162319949689,5.05464843495597,0.762167678125706,32.4438931177155,3.0041,41.3779715507469,4.46124863359512
1942,2,0,0,-0.42,0.125551849711023,34.2,15.3,0,1,0,1,0.101920867798788,5.0388077967129,0.760908659489429,32.4417839285978,3.0041,41.3475212525989,4.49169893174309
1942,3,0,0,4.74,0.472420606182534,37.1,43.3,0,1,0,1,0.06875248406933,4.97964692871855,0.755391572722963,32.4326840504221,3.0041,41.240575035933,4.59864514840904
1942,4,0,0,8.73,0.924675113646997,32.8,70.5,-20.075,0.996168362521648,1,0.6,0.0433777579843125,4.91131638766935,0.747671319421557,32.4203098326749,3.0041,41.1267752977501,4.71244488659189
1942,5,0,0,11.07,1.25595883379311,68.3,107.1,-32.1,0.611200307026831,1,0.6,0.029551237125787,4.85508870725537,0.740548483119941,32.4090254306453,3.0041,41.0383138581464,4.80090632619561
1942,6,0,0,14.56,1.82206314880776,11.3,121.8,-44.9444,0.2,1,0.6,0.0246288690526069,4.8286222737717,0.737000125301001,32.4034435957947,3.0041,40.99779486392,4.84142532042201
1942,7,0,0,15.69,2.02012331718039,70.3,132.7,-44.9444,0.2,1,0.6,0.020123875820346,4.79944753059914,0.732999517537872,32.397116731095,3.0041,40.9537876550524,4.8854325292896
1942,8,1.1377,0,16.54,2.1729445554989,39.1,114.2,-44.9444,0.2,1,0.6,0.687664081766031,5.23449194595002,0.728638531848382,32.3901733598814,3.0041,42.0450679194459,4.93185226489611
1942,9,0,0,13.84,1.6992575589758,27.7,67.2,-44.9444,0.2,0,1,0.518059899818453,5.19020659287125,0.740184960006766,32.4012263581055,3.0041,41.853777810802,5.12314237353999
1942,10,0,0,10.53,1.17567220836429,60.9,34.1,-9.6194,1,0,1,0.194486748957741,5.03987710130707,0.753314982854542,32.4076209277519,3.0041,41.3993997608712,5.57752042347079
1942,11,0,0,4.63,0.46217559960451,54.7,7.2,0,1,0,1,0.132319267968952,4.98197952548962,0.751111586236287,32.4022765606185,3.0041,41.2717869403134,5.70513324402862
1942,12,0,0,6.46,0.648545504817082,66.3,3.5,0,1,0,1,0.0770737774354191,4.90185482651876,0.74483508257293,32.3908008223988,3.0041,41.1186645089259,5.8582556754161
1943,1,0,0,4.68,0.46681702138284,104.9,7.8,0,1,0,1,0.0522347993583937,4.84498061343423,0.738772477296976,32.3806563823386,3.0041,41.0207442724282,5.9561759119138
1943,2,0,0,5.39,0.535482697524936,27.5,19.5,0,1,0,1,0.0334319940067208,4.78055274353825,0.730941394683218,32.3677469941509,3.0041,40.9167731263791,6.06014705796291
1943,3,0,0,5.95,0.593237192520753,27.8,43.4,-4.75,1,0,1,0.0203921295243473,4.71017586856076,0.721627896032059,32.3523717134127,3.0041,40.8086676075298,6.16825257681215
1943,4,0,0,10.76,1.20960125873906,37.4,82.5,-24.9890864,0.838848920863309,0,1,0.00875468010601751,4.59219640379645,0.705229036930595,32.324436071052,3.0041,40.6347161918851,6.34220399245691
1943,5,0,0,12.1,1.41493566395445,58.2,104.9,-44.9444,0.2,1,0.6,0.00759959426924562,4.57274472990159,0.702373686124854,32.319633242166,3.0041,40.6064512524617,6.37046893188025
1943,6,0,0,14.29,1.77568459278644,51,119.7,-44.9444,0.2,1,0.6,0.00636316821902423,4.54845023929108,0.698795181483935,32.313563172488,3.0041,40.571271761482,6.40564842285998
1943,7,0,0,16.35,2.1385202168339,23.7,134.8,-44.9444,0.2,1,0.6,0.00513805384956347,4.51936278684128,0.694496406777821,32.3061960276936,3.0041,40.5292932751623,6.44762690917972
1943,8,0,0,16.45,2.15661996949818,46.6,116,-44.9444,0.2,1,0.6,0.00414131090870153,4.49021752727404,0.690172489980804,32.2987109174762,3.0041,40.4873422456398,6.48957793870219
1943,9,1.1423,0,13.36,1.61898926172307,51.9,64.1,-41.1194,0.322453456321637,1,0.6,0.677375355127086,4.92330769723604,0.684969258138717,32.2895839837221,3.0041,41.5793362942239,6.53988389011807
1943,10,0,0,10.4,1.15667339713408,68.5,31.4,0,1,0,1,0.258354083463481,4.78297991705764,0.710388044133401,32.3067968111877,3.0041,41.0626188558422,7.05660132849974
1943,11,0,0,5.41,0.537491111456246,44.7,8.5,0,1,0,1,0.165078612692114,4.71913956810066,0.710761637435885,32.3025992412177,3.0041,40.9016790594464,7.21754112489562
1943,12,0,0,2.82,0.311572279456722,50.4,3.1,0,1,0,1,0.127329502547848,4.68252353319568,0.709202795526846,32.298175714598,3.0041,40.8213315458684,7.29788863847359
1944,1,0,0,5.65,0.561906433124297,46.6,12.2,0,1,1,0.6,0.0961418801086867,4.64322229156819,0.706532733933362,32.2921933506984,3.0041,40.7421902563087,7.37702992803332
1944,2,0,0,2.89,0.316764496413433,39.6,22.3,0,1,1,0.6,0.0820593503335715,4.62121250281026,0.704654356799325,32.288385732786,3.0041,40.7004119427291,7.41880824161286
1944,3,0,0,4.77,0.475236245951069,17.7,45,-16.05,1,1,0.6,0.0647041050561358,4.58838712516073,0.701483648321273,32.2821942905476,3.0041,40.6408691690857,7.47835101525623
1944,4,0,0,10.05,1.10617534012599,67,81,-9.8,1,1,0.6,0.0372159330350598,4.51288186258038,0.693032876945294,32.2661019237052,3.0041,40.513332596266,7.60588758807603
1944,5,0,0,11.28,1.28776314389859,103.7,108.5,0,1,1,0.6,0.0195476564590102,4.42654555838205,0.681966428264065,32.2454354120948,3.0041,40.3775950551999,7.74162512914205
1944,6,0,0,13.54,1.64893405978265,48.7,124.9,-44.9444,0.2,1,0.6,0.016576101660441,4.40470238464,0.678949138133016,32.2399263393966,3.0041,40.34425396383,7.77496622051195
1944,7,0,0,16.63,2.18930169227639,61,138.7,-44.9444,0.2,1,0.6,0.0133168723611691,4.3758675134893,0.674910378804672,32.2325054463475,3.0041,40.3007002110026,7.8185199733394
1944,8,1.3615,0,17.35,2.32128188270068,64.4,115.8,-44.9444,0.2,1,0.6,0.814115508788088,4.90344320584676,0.670594914183871,32.2245244725234,3.0041,41.6167781013422,7.86394208299982
1944,9,0,0,12.42,1.46580229174435,54.4,61.7,-36.8194,0.460113551010012,0,1,0.464087298266703,4.82145989978084,0.696375400756666,32.2472527486033,3.0041,41.2332753474075,8.24744483693448
1944,10,0,0,9.24,0.993077175852897,91.5,31,0,1,0,1,0.202858433559101,4.70323155139232,0.707233285284613,32.2501226390144,3.0041,40.8675459092504,8.61317427509158
1944,11,0,0,6.02,0.600676630960305,91.8,11.3,0,1,1,0.6,0.150230389934573,4.66104507079731,0.706401916319054,32.2460756690368,3.0041,40.7678530460878,8.71286713825423
1944,12,0,0,2.83,0.312310912517746,34.3,2.4,0,1,1,0.6,0.12851101138757,4.63926070825328,0.70535615149167,32.2432814246082,3.0041,40.7205092957407,8.76021088860129
1945,1,0,0,-0.27,0.131907415276752,54.3,5,0,1,1,0.6,0.12030869340587,4.63009049006102,0.704808292140758,32.2419819593616,3.0041,40.7012894349692,8.77943074937275
1945,2,0,0,7.06,0.716855320467101,45.9,19,0,1,1,0.6,0.0840686077599425,4.58057063147283,0.701103329489859,32.2338711813852,3.0041,40.6037137501079,8.87700643423412
1945,3,0,0,7.78,0.803332482932797,23.3,46.4,-11.5,1,1,0.6,0.0562590537145319,4.52570603649819,0.695692572066399,32.2231672557076,3.0041,40.5049249179867,8.97579526635533
1945,4,0.064,0,9.77,1.06647535133603,24.3,76.8,-44.8,0.204622818063489,1,0.6,0.0882163246720214,4.53714311052342,0.694025493324522,32.2200392680513,3.0041,40.5435241965712,9.00119598777077
1945,5,0.064,0,12.65,1.50277420905731,56.6,113.3,-44.9444,0.2,1,0.6,0.113680233066001,4.54296144501806,0.692194556754913,32.2162482334411,3.0041,40.5691844682801,9.0395357160619
1945,6,0.064,0,14.46,1.804841293237,62.2,123.4,-44.9444,0.2,1,0.6,0.132680553555687,4.54465714491857,0.690430831553292,32.2121727764859,3.0041,40.5840413065135,9.08867887782852
1945,7,0.064,0,16.79,2.21846014825941,64.2,135.3,-44.9444,0.2,1,0.6,0.144055058523267,4.54073835043318,0.688635933979554,32.2075574448927,3.0041,40.5850867878287,9.15163339651327
1945,8,0.064,0,15.59,2.00235147605179,45.3,111.3,-44.9444,0.2,1,0.6,0.155687375959032,4.5397708498175,0.687265377033917,32.2036660680983,3.0041,40.5904896709087,9.21023051343328
1945,9,0.3199,0,14.38,1.79110146774391,61.2,76.7,-41.2694,0.317651359995298,1,0.6,0.305945833610584,4.63228746708483,0.685510447723702,32.1982953386972,3.0041,40.8261390871164,9.29448109722564
1945,10,0,0,11.6,1.3368348067216,89.9,31,0,1,1,0.6,0.156803067141782,4.54032355601796,0.687893116098005,32.1928067452683,3.0041,40.5819264845261,9.53869369981594
1945,11,0,0,6.92,0.700607069798201,33.7,11.8,0,1,1,0.6,0.110463719163111,4.49285865794354,0.68562977720727,32.1860590452413,3.0041,40.4791111995552,9.64150898478678
1945,12,0,0,4.41,0.442058840345635,88.6,5.1,0,1,1,0.6,0.0885580007899445,4.46316559402834,0.683419770930762,32.1808958688808,3.0041,40.4201392346299,9.7004809497121
1946,1,0,0,2.79,0.309362602997989,45.2,8.5,0,1,0,1,0.0684330259988636,4.42878032125076,0.68030972909931,32.1741918107962,3.0041,40.3558148871451,9.76480529719685
1946,2,0,0,5.84,0.581645004547456,58.6,20.4,0,1,0,1,0.0421464886060486,4.36484683146254,0.673443608224792,32.160100811898,3.0041,40.2446377401914,9.87598244415063
1946,3,0,0,4.61,0.46032622293939,40.8,43.5,0,1,0,1,0.0287186342219222,4.31490342451785,0.66729395066825,32.1479817576671,3.0041,40.1629977670752,9.95762241726684
1946,4,0,0,9.53,1.03295153294205,34.8,70.6,-18.15,1,0,1,0.0121430045161307,4.20490270245675,0.652728822786879,32.1188487538231,3.0041,39.9927232835829,10.1278969007591
1946,5,0,0,10.09,1.11189783871606,59.1,102.8,-36.15,0.481543706215686,1,0.6,0.00929093822648731,4.17126665351981,0.647932031094844,32.109445016131,3.0041,39.9420346389722,10.1785855453699
1946,6,0,0,13.18,1.58923582568143,96.4,118.4,-28.55,0.724849920083513,1,0.6,0.00522294182036562,4.09980897683883,0.637689415763786,32.0888254748679,3.0041,39.8356468092909,10.2849733750511
1946,7,0,0,16.54,2.1729445554989,40.7,129.5,-44.9444,0.2,1,0.6,0.00420286466010348,4.07316992616051,0.633773816339351,32.0809457481773,3.0041,39.7961923553373,10.3244278290047
1946,8,0,0,14.88,1.87751782709988,108.5,106.5,-16.3194,1,1,0.6,0.00164379475043116,3.96005843130252,0.617497037795082,32.0463597309662,3.0041,39.6296589948143,10.4909611895277
1946,9,1.1555,0,14.02,1.72969513048192,75.8,67.5,0,1,1,0.6,0.682668327843412,4.33215835819653,0.602804219378255,32.0139469375429,3.0041,40.6356778429611,10.6404423413809
1946,10,0,0,9.3,1.00126953949977,60,32.7,0,1,0,1,0.296372718973604,4.22506288799178,0.629513214511992,32.02983721143,3.0041,40.1848860329074,11.0912341514346
1946,11,0,0,7.91,0.819458158616149,135.7,13.1,0,1,0,1,0.149715383612657,4.13938692641603,0.632727430503286,32.0224622739316,3.0041,39.9483920144636,11.3277281698784
1946,12,0,0,1.99,0.253869625351682,59.6,0.8,0,1,0,1,0.121168001889199,4.11319850467952,0.631806187281656,32.018133522381,3.0041,39.8884062162314,11.3877139681106
1947,1,0,0,1.1,0.199821107841171,45.8,4.1,0,1,0,1,0.102581790665882,4.09270214531993,0.63067320577741,32.0142487263435,3.0041,39.8443058681067,11.4318143162353
1947,2,0,0,-2.76,0.0513076116398816,45.8,13.7,0,1,0,1,0.0982882113823892,4.08745584142503,0.63032818364645,32.013192470965,3.0041,39.8333647074189,11.4427554769231
1947,3,0,0,3.47,0.361743552447679,121,39.3,0,1,0,1,0.0727079792737325,4.05065721812247,0.627499144957417,32.005152789694,3.0041,39.7601171320476,11.5160030522944
1947,4,0,0,8.41,0.882904331032224,50,77.2,-7.90000000000001,1,1,0.6,0.0467586361508218,3.99736573958644,0.622269271666798,31.9919210284416,3.0041,39.6624146758456,11.6137055084964
1947,5,0,0,13.43,1.63061191965067,31,113.6,-44.9444,0.2,1,0.6,0.0397232944352041,3.97785903362051,0.620054705433251,31.9867091496979,3.0041,39.6284461831869,11.6476740011551
1947,6,0,0,15.53,1.99171023655571,39.5,125.5,-44.9444,0.2,1,0.6,0.0325496544802561,3.95416167386493,0.617226302658566,31.9801554498551,3.0041,39.5881930808589,11.6879271034832
1947,7,0,0,17.4,2.33051827405124,37.3,140.3,-44.9444,0.2,1,0.6,0.0257829888134818,3.92661235425731,0.613780579636721,31.9722675181646,3.0041,39.5425434408721,11.7335767434699
1947,8,1.0614,0,18.27,2.49259155461673,3.4,112.6,-44.9444,0.2,1,0.6,0.646532973408591,4.33232126116313,0.609970637060263,31.9636166521129,3.0041,40.5565415237449,11.7809786605971
1947,9,0,0,15.12,1.91944471951016,28.9,70,-44.9444,0.2,0,1,0.469522746869872,4.29094188648818,0.622862826414223,31.9732668693187,3.0041,40.3606943290909,11.9768258552511
1947,10,0,0,9.91,1.08624679760332,13.4,32.9,-44.9444,0.2,0,1,0.391770266708288,4.2676999504034,0.627689507775697,31.9760428695884,3.0041,40.2673025944758,12.0702175898663
1947,11,0,0,6.93,0.701761458091847,48.1,9.5,-3.96939999999999,1,0,1,0.218300902682294,4.19348022735356,0.635394516413634,31.9756088497761,3.0041,40.0268844962256,12.3106356881164
1947,12,0,0,4.96,0.493282614240118,72.2,7.2,0,1,0,1,0.144720681967723,4.14208352026145,0.635533670913455,31.96945922177,3.0041,39.8958970949126,12.4416230894294
1948,1,0,0,5.51,0.547593713962532,112,11.8,0,1,0,1,0.0916958808524149,4.08576542032384,0.63271362101738,31.9591195345809,3.0041,39.7733944567745,12.5641257275675
1948,2,0,0,4.26,0.42862894523752,33.9,19.7,0,1,0,1,0.0641540146116332,4.04221722915664,0.629044102294827,31.9492942483091,3.0041,39.6888095943722,12.6487105899698
1948,3,0,0,7.97,0.826952744585289,21.8,48.4,-14.5,1,0,1,0.0322062129784784,3.95950707659162,0.620092489654884,31.9276157273855,3.0041,39.5435215066105,12.7939986777315
1948,4,0,0,8.77,0.929959322508925,40.5,68.5,-24.9890864,0.838848920863309,0,1,0.0168117812435582,3.88303536189499,0.610292228866677,31.9051987545386,3.0041,39.4194381265438,12.9180820577982
1948,5,0,0,10.97,1.24092704075842,99.7,100,-0.289086399999995,1,1,0.6,0.00903961318986127,3.81142544588181,0.60042154074585,31.8827895970908,3.0041,39.3077761969083,13.0297439874337
1948,6,0,0,13.28,1.6057416737275,75.2,123.5,-17.7140864,1,1,0.6,0.0040501161020999,3.72071973544111,0.587555601473845,31.8529085954784,3.0041,39.1693340484955,13.1681861358465
1948,7,0,0,15.59,2.00235147605179,68.1,131.3,-44.9444,0.2,1,0.6,0.00331517495921062,3.69843616579423,0.584273087984059,31.8453569150582,3.0041,39.1354813437957,13.2020388405463
1948,8,0,0,15.04,1.90543771073123,129.1,107.3,0,1,1,0.6,0.00127863300821569,3.59422541696021,0.569298103307718,31.8089561758114,3.0041,38.9778583290875,13.3596618552545
1948,9,1.4839,0,14.18,1.75690050025984,64.3,64.1,0,1,1,0.6,0.876328957677114,4.10884440631052,0.555789825201619,31.7749075760151,3.0041,40.3199707652043,13.5014494191377
1948,10,0,0,9.6,1.04268066746432,68.8,30.5,0,1,0,1,0.367543245547042,4.00312299778189,0.596210791334528,31.803551384965,3.0041,39.7745284196285,14.0468917647135
1948,11,0,0,6.52,0.655219996891974,35.9,7.5,0,1,0,1,0.212900372726825,3.93808398189521,0.603181015408448,31.8017955332605,3.0041,39.560060903291,14.2613592810511
1948,12,0,0,5.37,0.533478324308255,61.1,2.2,0,1,0,1,0.136491051043387,3.88591061119061,0.603500054451771,31.7943808912514,3.0041,39.4243826079371,14.3970375764049
1949,1,0,0,4.98,0.495203697069868,31.1,8.2,0,1,1,0.6,0.106554565261807,3.85715279124248,0.602299790504663,31.7887144049965,3.0041,39.3588215520055,14.4625986323365
1949,2,0,0,5.21,0.51758906308987,36.7,16.4,0,1,1,0.6,0.082258166401603,3.82732243857401,0.600330782571633,31.7819278576427,3.0041,39.2959392451899,14.5254809391521
1949,3,0,0,4.42,0.442962422671245,42.7,43.7,0,1,1,0.6,0.0659160169265833,3.80197633680719,0.598189189298602,31.7755654667794,3.0041,39.2457470098118,14.5756731745302
1949,4,0,0,9.9,1.08482932260872,49.4,75.5,-7.225,1,1,0.6,0.0383198025196012,3.74060955335759,0.591872927697788,31.7583927973355,3.0041,39.1332950809105,14.6881251034315
1949,5,0,0,10.54,1.17713902533253,59.7,104.9,-26.2,0.800082762529485,1,0.6,0.0239283148149184,3.68813699324555,0.585466263110592,31.742237951771,3.0041,39.0438695229421,14.7775506613999
1949,6,0,0,14.76,1.85666148262925,18.7,120.6,-44.9444,0.2,1,0.6,0.0198736817189987,3.66765123319766,0.582763931801581,31.735651513661,3.0041,39.0100403603793,14.8113798239627
1949,7,0,0,17.4,2.33051827405124,30,138.9,-44.9444,0.2,1,0.6,0.0157421920946796,3.64209808075565,0.579307081558111,31.7272469503576,3.0041,38.9684943047661,14.8529258795759
1949,8,1.9742,0,17.01,2.25871469961722,53.8,114.1,-44.9444,0.2,1,0.6,1.17773228575613,4.42652928631657,0.575899449343755,31.7189801202226,3.0041,40.9032411416391,14.8923790427029
1949,9,0,0,16.84,2.22759263692472,22.8,72.9,-44.9444,0.2,0,1,0.812471337963548,4.3775003143853,0.607995579132881,31.7494790415031,3.0041,40.5515462729848,15.2440739113572
1949,10,0,0,11.56,1.3306612627828,138.6,31.3,0,1,0,1,0.268056090514523,4.23427163130428,0.646699063481152,31.774948504995,3.0041,39.928075290295,15.867544894047
1949,11,0,0,6.01,0.599610879192411,76.8,10.4,0,1,1,0.6,0.198619475744267,4.19635865460061,0.648199576565076,31.7725372263265,3.0041,39.8198149332364,15.9758052511056
1949,12,0,0,5.62,0.558822849992643,37.3,5.5,0,1,1,0.6,0.150201749487852,4.1613303527734,0.647874497778546,31.7683091832131,3.0041,39.7318157832529,16.0638044010891
1950,1,0,0,3.7,0.380548183568056,30.4,8.8,0,1,1,0.6,0.124176668203836,4.137644219347,0.646910505514312,31.7645817809888,3.0041,39.6774131740539,16.1182070102881
1950,2,0,0,5.53,0.549626325207997,100.4,22.6,0,1,1,0.6,0.0943387598843328,4.10367207883194,0.644748575795645,31.7582398955493,3.0041,39.6050993100612,16.1905208742808
1950,3,0,0,7.18,0.730930656219408,24.3,45.2,-9.6,1,1,0.6,0.0654591840732519,4.05892533196123,0.64081579931589,31.7484566030532,3.0041,39.5177569184035,16.2778632659385
1950,4,0.262,0,7.58,0.778826703210694,51.9,74.1,-13.275,1,1,0.6,0.198977998220425,4.11915084297679,0.635686768830647,31.7368064050706,3.0041,39.6947220150985,16.3628981692435
1950,5,0.262,0,10.67,1.19627696327041,124.1,103.2,0,1,1,0.6,0.264037310560122,4.15326298332549,0.634046823549155,31.7258234905503,3.0041,39.7812706079851,16.5383495763569
1950,6,0.262,0,16.4,2.14756497125389,42.9,121.6,-44.9444,0.2,1,0.6,0.367641294683357,4.2339583896902,0.635338644337203,31.7241917134265,3.0041,39.9652300421372,16.6163901422048
1950,7,0.262,0,15.97,2.07012227583139,142.4,128,0,1,1,0.6,0.285220302472697,4.21187407715792,0.641692988304731,31.7152955828256,3.0041,39.8581829507609,16.9854372335811
1950,8,0.262,0,15.78,2.036156506665,72.1,105.5,-7.02500000000001,1,1,0.6,0.257679237663331,4.19254579853754,0.642289553056384,31.7004372806194,3.0041,39.7970518698766,17.3085683144654
1950,9,1.3098,0,13.06,1.56950829037255,79.9,66.1,0,1,1,0.6,0.89060543654158,4.63175111337251,0.642458070580257,31.6889780347262,3.0041,40.8578926552206,17.5575275291214
1950,10,0,0,9.39,1.01361451671987,40.7,33.6,0,1,1,0.6,0.536514848806895,4.56186161480217,0.669952820134282,31.713960204645,3.0041,40.4863894883883,17.9290306959537
1950,11,0,0,5.54,0.550644140309619,112.3,8.1,0,1,1,0.6,0.407390493399289,4.5243373614539,0.677878893219997,31.7199684473725,3.0041,40.3336751954457,18.0817449888963
1950,12,0,0,0.43,0.164347901610844,51,1.9,0,1,1,0.6,0.375252156715653,4.51319761777375,0.679527263047177,31.7209949740104,3.0041,40.293072011547,18.122348172795
1951,1,0,0,3.6,0.372304714975622,80.1,6.8,0,1,0,1,0.27515767273491,4.47138538694455,0.683623280490821,31.7222946508089,3.0041,40.1565609909792,18.2588591933628
1951,2,0,0,3.42,0.357728338805622,97.2,15.9,0,1,0,1,0.204228065956589,4.43157513630234,0.684872830775951,31.7204890778189,3.0041,40.0452651108538,18.3701550734882
1951,3,0,0,4.01,0.406762705193934,93.8,42.4,0,1,0,1,0.145513434948005,4.38673850876214,0.684007570613299,31.7157630246411,3.0041,39.9361225389645,18.4792976453775
1951,4,0,0,6.62,0.666421900758159,80.6,65.4,0,1,0,1,0.0835058621511964,4.31425849825183,0.679191003396501,31.7037999615708,3.0041,39.7848553253703,18.6305648589717
1951,5,0,0,9.92,1.08766507411425,65.8,104.2,-12.35,1,1,0.6,0.0484767498147622,4.24444254533341,0.671881037172739,31.6888646759288,3.0041,39.6577650082498,18.7576551760923
1951,6,0,0,13.79,1.690834791189,25.6,117.3,-44.9444,0.2,1,0.6,0.0409356294128697,4.22296710513845,0.669233266390679,31.683795017142,3.0041,39.621031018084,18.794389166258
1951,7,0,0,16.41,2.14937515365832,44.6,133.5,-44.9444,0.2,1,0.6,0.033018344575947,4.19582448697589,0.665727454121288,31.6771284081312,3.0041,39.5757986938043,18.8396214905377
1951,8,0,0,15.13,1.92119777959194,102.3,106.8,-22.7444,0.910710256298126,1,0.6,0.0137664716058022,4.08713830066224,0.650863724631517,31.6481492216353,3.0041,39.4040177185349,19.0114024658071
1951,9,1.2699,0,14.19,1.75860545515935,60,66.9,-12.9194,1,1,0.6,0.75520906005793,4.50113797283914,0.635235968342359,31.6172750719691,3.0041,40.5129580732085,19.1723621111335
1951,10,0,0,8.63,0.911525431826812,44.1,28.3,0,1,0,1,0.35332562605059,4.3997253207103,0.663516790065979,31.6389412816382,3.0041,40.059609018465,19.625711165877
1951,11,0,0,8.25,0.862357726475079,113.3,9.6,0,1,0,1,0.172217574666666,4.30588705406881,0.668560849769442,31.6355028320688,3.0041,39.7862683105737,19.8990518737683
1951,12,0,0,5.2,0.516604600244505,46.5,2.8,0,1,0,1,0.111972668791665,4.25063359795409,0.666284495670266,31.6275897180851,3.0041,39.6605804805011,20.0247397038409
1952,1,0,0,2.8,0.310098124786234,44.4,2.8,0,1,0,1,0.0864736470277193,4.21780816348006,0.663773843619714,31.6215274947761,3.0041,39.5936831489036,20.0916370354384
1952,2,0,0,2.7,0.302789556242578,24.8,16.6,0,1,0,1,0.0671893718937948,4.18600099478941,0.660760345218669,31.6149052622523,3.0041,39.5329559741541,20.1523642101879
1952,3,0,0,6.36,0.637499369817205,94.5,44.6,0,1,0,1,0.0394986148352851,4.11981548607426,0.65330104915892,31.5993015424997,3.0041,39.4160166925682,20.2693034917738
1952,4,0,0,9.7,1.05664903951681,59.4,79.6,-0.299999999999997,1,1,0.6,0.0232880670143284,4.05503225467285,0.644848702850582,31.5822886249236,3.0041,39.3095576494614,20.3757625348806
1952,5,0,0,13.3,1.60905000973525,65.9,111.6,-18.1,1,1,0.6,0.0104167603305329,3.95833266213365,0.631239011119539,31.5546823697702,3.0041,39.1587708033539,20.5265493809881
1952,6,0,0,14.62,1.83242113654081,31.6,122.6,-44.9444,0.2,1,0.6,0.00867264626892288,3.93663236559844,0.627991252799133,31.5482155119322,3.0041,39.1256117765986,20.5597084077434
1952,7,0,0,16.97,2.25138199236546,17.4,139.9,-44.9444,0.2,1,0.6,0.00692429170734367,3.91013336573663,0.623998346775313,31.5401992346112,3.0041,39.0853552388305,20.5999649455115
1952,8,1.1744,0,16.21,2.11325000442471,87.5,109.6,-39.6444,0.369674070197301,1,0.6,0.697816175095817,4.34585015469077,0.617115338485183,31.526132223882,3.0041,40.1910138921538,20.6687062921882
1952,9,0,0,10.96,1.2394279110678,86.9,60.8,0,1,0,1,0.24841459790327,4.21325582771615,0.646528567230386,31.543342450471,3.0041,39.6556414433208,21.2040787410212
1952,10,0,0,8.47,0.890667837689756,80.8,31,0,1,0,1,0.118258856146517,4.12047731010615,0.646255190846405,31.5325152846854,3.0041,39.4216066417845,21.4381135425575
1952,11,0,0,3.46,0.360938430783409,83.9,7.5,0,1,0,1,0.0875398302223496,4.08346359181045,0.643681304022542,31.5254425150579,3.0041,39.3442272411132,21.5154929432288
1952,12,0,0,2.17,0.265780608033847,57.8,1.4,0,1,0,1,0.0701481933629626,4.05642089819054,0.641242907715038,31.5195837383807,3.0041,39.2914957376492,21.5682244466928
1953,1,0,0,2.8,0.310098124786234,34.2,7.1,0,1,0,1,0.0541736673597315,4.02509526747593,0.637983501554713,31.512201229051,3.0041,39.2335536654413,21.6261665189007
1953,2,0,0,3.46,0.360938430783409,44.8,17.8,0,1,0,1,0.0401014672196508,3.98893835381489,0.633770750828125,31.5030259289705,3.0041,39.1699365008332,21.6897836835088
1953,3,0,0,5.09,0.505842566450352,20.8,45.5,-13.325,1,0,1,0.0263081151025088,3.93881160453402,0.627372213621912,31.4893800746439,3.0041,39.0859720079023,21.7737481764397
1953,4,0,0,7.38,0.754691518727931,66.3,70,0,1,0,1,0.0140267728758475,3.86519358178848,0.617250356828391,31.4678589422949,3.0041,38.9684296537876,21.8912905305544
1953,5,0,0,12.39,1.46100500896929,44.7,109.5,-37.425,0.440725887441807,1,0.6,0.0101656713190942,3.82804115926683,0.611838716689019,31.4564848355817,3.0041,38.9106303828566,21.9490898014854
1953,6,0,0,13.62,1.66230334448687,54.3,123.4,-44.9444,0.2,1,0.6,0.00860881047484808,3.8089985836714,0.609007694923049,31.4505421034631,3.0041,38.8812571925324,21.9784629918096
1953,7,0,0,15.51,1.98816682893805,79.8,128.4,-44.9444,0.2,1,0.6,0.00705664319123181,3.78634742833005,0.605618008343916,31.4433794632135,3.0041,38.8465015430787,22.0132186412633
1953,8,0,0,16.17,2.10604501483806,78.9,106.9,-44.9444,0.2,1,0.6,0.00571654709435785,3.76250018832325,0.602026020337059,31.4357350063865,3.0041,38.8100777621412,22.0496424222008
1953,9,1.3533,0,13.69,1.67403164718773,46.6,62.3,-44.9444,0.2,1,0.6,0.803553050077726,4.29823426366216,0.599167916019721,31.4296220832093,3.0041,40.1346773129689,22.0783428713731
1953,10,0,0,9.46,1.02326275069737,65.2,31.5,-3.36939999999999,1,0,1,0.342518012591322,4.18967318983886,0.633219518015143,31.4545321359893,3.0041,39.6240428564347,22.5889773279074
1953,11,0,0,8.01,0.831967293180317,42.3,11.5,0,1,0,1,0.171231795899754,4.10343140163802,0.638467239576048,31.4503551299649,3.0041,39.3675855670787,22.8454346172633
1953,12,0,0,6.6,0.664173759578455,23.9,4.8,0,1,0,1,0.0984491368049607,4.03585916393644,0.635746858298227,31.4392517801916,3.0041,39.2134069392312,22.9996132451108
1954,1,0,0,2.25,0.271181203326468,42.1,7.3,0,1,1,0.6,0.0859657907835985,4.01947577087071,0.634470326106874,31.4358775959595,3.0041,39.1798894837207,23.0331307006213
1954,2,0,0,2.19,0.267124585721483,61.4,15,0,1,1,0.6,0.0752177426537226,4.00340248215317,0.633058100548407,31.4323603476334,3.0041,39.1481386729887,23.0648815113533
1954,3,0,0,5.51,0.547593713962532,67.4,41.2,0,1,1,0.6,0.0572020813916339,3.97065359391352,0.629802777491707,31.4246400747032,3.0041,39.0863985275001,23.1266216568419
1954,4,0,0,6.77,0.683406217348879,8,68.3,-43.225,0.255044829490045,1,0.6,0.0524279934383198,3.96028592539917,0.628659765077365,31.4220618123551,3.0041,39.0675354962699,23.1454846880721
1954,5,0,0,11.03,1.2499372981212,74.2,111.3,-44.9444,0.2,1,0.6,0.0462678319251322,3.94546340632858,0.626959721516073,31.418275053795,3.0041,39.0410660135648,23.1719541707773
1954,6,0,0,13.57,1.65394321189327,79,123.5,-44.9444,0.2,1,0.6,0.0392147371401944,3.92593517701105,0.624614168914853,31.4131209507969,3.0041,39.006985033863,23.206035150479
1954,7,0,0,14.49,1.81000238121386,62.8,129.6,-44.9444,0.2,1,0.6,0.0327221554598933,3.90467509439238,0.621939326930302,31.407318629397,3.0041,38.9707552061795,23.2422649781625
1954,8,2.0911,0,14.73,1.85145872759867,98,105.5,-26.0694,0.804263787730951,1,0.6,1.24970884302013,4.67536016766369,0.610457089797976,31.3821161883832,3.0041,40.921742288865,23.382377895477
1954,9,0,0,13.07,1.57114891610076,53.7,60.8,-17.9694,1,0,1,0.337435747416692,4.49527784524924,0.684745337316093,31.4465805597266,3.0041,39.9681394897086,24.3359806946334
1954,10,0,0,11.93,1.38818995250353,70.1,33.2,0,1,0,1,0.106117837771275,4.34194641055651,0.686141417996261,31.434635636133,3.0041,39.572941302457,24.731178881885
1954,11,0,0,6.63,0.667547424247573,114.4,10.8,0,1,1,0.6,0.076003275771982,4.29868653003288,0.682329555112835,31.4267334798672,3.0041,39.4878528407849,24.8162673435571
1954,12,0,0,6.28,0.62873289666244,64.9,4.7,0,1,1,0.6,0.0555014969959794,4.25833621637159,0.677959796863121,31.4182989344543,3.0041,39.414196444685,24.889923739657
1955,1,0,0,2.12,0.262438647962885,71.7,6.6,0,1,1,0.6,0.0486762226364121,4.24160588812444,0.675949861408776,31.4145579670415,3.0041,39.3848899392112,24.9192302451308
1955,2,0,0,0.91,0.189313016205701,42.4,13.4,0,1,1,0.6,0.0442800466430014,4.22957810576161,0.674448703811892,31.4117909597201,3.0041,39.3641978159366,24.9399223684054
1955,3,0,0,2.61,0.296300425107292,32.3,38.2,0,1,1,0.6,0.0381827540362247,4.21082143185461,0.672035802504841,31.4073563558552,3.0041,39.3324963442508,24.9716238400911
1955,4,0.3022,0,9.21,0.988992326028335,13.1,76.6,-44.35,0.219029107042505,1,0.6,0.21262174291688,4.32100309378041,0.670221291065599,31.4040429570589,3.0041,39.6119890848218,24.9943310995202
1955,5,0.3022,0,9.68,1.0538488367628,121.6,102.7,0,1,1,0.6,0.303894156759848,4.37707643464103,0.668798412392033,31.3961865345729,3.0041,39.7500555383658,25.1584646459762
1955,6,0.3022,0,13.72,1.67906662983466,57.5,120.5,-32.875,0.586389476007414,1,0.6,0.364105521519919,4.43674882357802,0.671322867127575,31.3933523347404,3.0041,39.8696295469659,25.3410906373761
1955,7,0.3022,0,17.12,2.27891053531292,10.4,133.2,-44.9444,0.2,1,0.6,0.468263261208154,4.53036097558849,0.6744216643015,31.3944493699617,3.0041,40.0715952710599,25.4413249132821
1955,8,0.3022,0,17.89,2.42149343066256,23.7,118.1,-44.9444,0.2,1,0.6,0.545916509583796,4.62141106825748,0.679970847507054,31.3983154799427,3.0041,40.2497139052911,25.5654062790509
1955,9,1.511,0,14.05,1.73478548473967,45.5,66.8,-44.9444,0.2,1,0.6,1.35076341823696,5.21662987551718,0.685432903502037,31.402922721331,3.0041,41.6598489185872,25.6662712657548
1955,10,0,0,8.86,0.941899395242588,61.2,28.9,-5.41939999999999,1,1,0.6,0.843428817494245,5.14344498109299,0.728761336182239,31.4488476923603,3.0041,41.1685828271298,26.1575373572122
1955,11,0,0,6.41,0.643010229431032,44.2,11,0,1,1,0.6,0.611533901965742,5.09407414243248,0.745740846716557,31.4665266812613,3.0041,40.9219755723761,26.4041446119659
1955,12,0,0,5.39,0.535482697524936,61.1,2.2,0,1,1,0.6,0.467888044193835,5.0533212017983,0.754516697128922,31.4753173637661,3.0041,40.7551433068871,26.5709768774549
1956,1,0,0,3.38,0.354534878846153,105.3,6,0,1,0,1,0.348202188717431,5.00872964400211,0.760065975930489,31.4803427865584,3.0041,40.6014405952084,26.7246795891336
1956,2,0,0,-1.44,0.0876547965019712,24.5,13,0,1,0,1,0.323674263129893,4.99776568199589,0.76086827235334,31.4809771475002,3.0041,40.5673853649793,26.7587348193627
1956,3,0,0,5.85,0.582693862846823,25.2,42.4,-6.6,1,0,1,0.19917013920591,4.9254892135373,0.762481898490922,31.4804846603656,3.0041,40.3717259115998,26.9543942727423
1956,4,0,0,6.17,0.616781598945545,36,69.4,-22.65,0.913732375586168,0,1,0.124526058676751,4.85657894614764,0.759221620623167,31.4744210140512,3.0041,40.2188476394988,27.1072725448432
1956,5,0,0,11.88,1.38036078275315,12,109.5,-44.9444,0.2,1,0.6,0.108470573299776,4.83650903705479,0.75760439580014,31.4719173657672,3.0041,40.1786013719219,27.1475188124201
1956,6,0,0,12.74,1.51733326893314,69.4,119,-44.9444,0.2,1,0.6,0.0931998018368404,4.81454328084037,0.755592083846439,31.4688678335815,3.0041,40.1363030001052,27.1898171842368
1956,7,0,0,15.72,2.02546368029654,104,128.3,-37.1694,0.448908659581888,1,0.6,0.0591526566147413,4.74932481891493,0.748562751127299,31.4582352631169,3.0041,40.0193754897738,27.3067446945682
1956,8,0,0,13.6,1.65895756327472,111.1,101.2,-1.96940000000001,1,1,0.6,0.0258069212372569,4.63259923815548,0.733353517720773,31.435050762506,3.0041,39.8309104396196,27.4952097447225
1956,9,0,0,14.1,1.74328036669633,68.3,66.6,0,1,1,0.6,0.0107941307530074,4.51303057460656,0.715826601792924,31.40785136929,3.0041,39.6516026764425,27.6745175078995
1956,10,0,0,8.9,0.947228504287795,45.9,26.6,0,1,1,0.6,0.00672201718256935,4.44936090069605,0.705974968932949,31.3924109112444,3.0041,39.558568798056,27.7675513862861
1956,11,2.5978,0,5.3,0.52649487011116,30.1,6.6,0,1,1,0.6,1.53838777778114,5.47893924255539,0.700463030363093,31.3836914486532,3.0041,42.1055814993529,27.8183386849892
1956,12,0,0,5.4,0.536486399538762,77.2,6.5,0,1,0,1,0.983795696382301,5.40594542942774,0.748981843036951,31.4365077447995,3.0041,41.5793307136465,28.3445894706956
1957,1,0,0,5.2,0.516604600244505,43.4,6.6,0,1,0,1,0.639645691694915,5.33657594416426,0.775033409589029,31.4646650763608,3.0041,41.220020121809,28.703900062533
1957,2,0,0,5.56,0.55268278801589,73,16.5,0,1,0,1,0.403568172486242,5.2633471709279,0.788664044735611,31.4789365451549,3.0041,40.9386159333047,28.9853042510373
1957,3,0,0,9.12,0.976783286283312,40.7,50.8,0,1,0,1,0.178816359459824,5.13637504496011,0.792675048409557,31.4808656052007,3.0041,40.5928320580302,29.3310881263118
1957,4,0,0,8.37,0.877746354560321,17.9,75.9,-39.025,0.389503526627528,1,0.6,0.150718928880977,5.11010170416596,0.791325367938484,31.4789596485389,3.0041,40.5352056495243,29.3887145348177
1957,5,0,0,9.99,1.09761540296285,38.4,106.6,-44.9444,0.2,1,0.6,0.13505136179522,5.0933025987568,0.790208041709719,31.477443624813,3.0041,40.5001056270747,29.4238145572673
1957,6,0,0,15.23,1.93875486715824,60.7,124.2,-44.9444,0.2,1,0.6,0.111249972862004,5.06376458686345,0.787863763419002,31.4742828057128,3.0041,40.4412611288573,29.4826590554848
1957,7,0,0,16.75,2.21116113592111,72.8,138.8,-44.9444,0.2,1,0.6,0.0891806032439048,5.03028535323182,0.784691070588748,31.4700419033763,3.0041,40.3782989304408,29.5456212539012
1957,8,1.8087,0,15.39,1.96694526921312,96.8,110.9,-31.3194,0.636190416309097,1,0.6,1.11519742562299,5.67795139386905,0.773950947767355,31.4553426725038,3.0041,42.0265424397632,29.7060777445788
1957,9,0,0,12.74,1.51733326893314,78.7,67.1,-2.9444,1,0,1,0.314927464468891,5.46660172139665,0.829479122512126,31.5138253919699,3.0041,41.1289337003476,30.6036864839945
1957,10,0,0,10.88,1.22746151889141,61.8,34.2,0,1,0,1,0.113234143544187,5.30139836328372,0.824797032195561,31.5074923548495,3.0041,40.751021893873,30.9815982904691
1957,11,0,0,6,0.598546118474744,53.3,9.7,0,1,0,1,0.0687632406752493,5.22266064905889,0.816564912233883,31.4977686400413,3.0041,40.6098574420093,31.1227627423327
1957,12,0,0,3.83,0.391419959832174,74.2,4,0,1,0,1,0.0496245668141389,5.17180354541247,0.810171711229406,31.4901379640467,3.0041,40.5258377875027,31.2067823968394
1958,1,0,0,3.4,0.356129529790192,76.8,8.2,0,1,0,1,0.0368815491008221,5.12596211768034,0.80393238726245,31.4825756314751,3.0041,40.4534516855187,31.2791684988233
1958,2,0,0,4.86,0.483738490197287,72.7,21.1,0,1,0,1,0.0246455410368736,5.06434482247522,0.795087296001602,31.4715981565708,3.0041,40.3597758160845,31.3728443682576
1958,3,0,0,3.51,0.364974433300767,57,37.4,0,1,0,1,0.0181823370672816,5.01834608659762,0.788192428079015,31.4629152810808,3.0041,40.2917361328247,31.4408840515174
1958,4,0,0,7.16,0.728575297738795,36.3,76.2,-20.85,0.971357531502232,0,1,0.0100814259215048,4.93033894409401,0.774741457564437,31.4453591747587,3.0041,40.1646210023386,31.5679991820034
1958,5,0,0,11.52,1.32449895039587,50.7,109.8,-44.9444,0.2,1,0.6,0.0088307930000694,4.9107871280888,0.771654045364862,31.4413217937389,3.0041,40.1366937601926,31.5959264241494
1958,6,0,0,13.99,1.72460972752498,138.8,122,0,1,1,0.6,0.00372825372691921,4.78537836184525,0.752134026344847,31.414344237248,3.0041,39.959684879165,31.772935305177
1958,7,0,0,15.86,2.05043852105824,64.9,130.6,-33.05,0.580787030293353,1,0.6,0.00205547282076621,4.70065599684418,0.738716635884718,31.3952307043192,3.0041,39.8407588098689,31.8918613744732
1958,8,0,0,15.78,2.036156506665,63.8,106.4,-44.9444,0.2,1,0.6,0.00167680509541722,4.67202970339595,0.734118729253231,31.3886265237124,3.0041,39.800551761457,31.9320684228851
1958,9,1.3139,0,14.93,1.88622920437833,79.2,64.6,-14.1944,1,1,0.6,0.776116749833031,5.08013065135081,0.713743803002276,31.3575650894288,3.0041,40.931656293615,32.1148638907271
1958,10,0,0,10.48,1.16834960657074,69.6,30.5,0,1,0,1,0.293148201275193,4.93389254732444,0.744181331830051,31.3844421710846,3.0041,40.3597642515143,32.6867559328278
1958,11,0,0,5.96,0.594296992900492,54.1,7.7,0,1,0,1,0.178650394635954,4.86112948408146,0.744936864471791,31.3823516421411,3.0041,40.1711683853303,32.8753517990117
1958,12,0,0,4.39,0.440254769770211,86.1,3.6,0,1,0,1,0.123785696775918,4.80791945977785,0.742290142634998,31.3771466468959,3.0041,40.0552419460847,32.9912782382574
1959,1,0,0,0.98,0.193142764136502,98.1,1.2,0,1,1,0.6,0.112390614892927,4.79401039495767,0.741250627908959,31.3754029517706,3.0041,40.0271545895301,33.0193655948119
1959,2,0,0,3.61,0.373124386605672,16.2,16.3,0,1,1,0.6,0.0932625135677489,4.76725390821578,0.738972264904884,31.3716723313613,3.0041,39.9752610180497,33.0712591662923
1959,3,0,0,6.9,0.698301162047086,61.6,42.3,0,1,1,0.6,0.0657768308941065,4.71757983420185,0.73394777112966,31.3636365822332,3.0041,39.8850410184588,33.1614791658832
1959,4,0,0,9.47,1.02464438446152,61.4,76.8,0,1,1,0.6,0.0394070789923765,4.64562657413451,0.725324397518526,31.3500395364892,3.0041,39.7644975871346,33.2820225972074
1959,5,0,0,11.83,1.37254866852972,19.4,108.5,-44.9444,0.2,1,0.6,0.0343530430123938,4.62653685774746,0.722787113554205,31.346134738721,3.0041,39.7339117530351,33.3126084313069
1959,6,0,0,14.84,1.8705576897158,28.7,124,-44.9444,0.2,1,0.6,0.0284923273203069,4.60064695623224,0.719252561056316,31.3406715048025,3.0041,39.6931633494114,33.3533568349306
1959,7,0,0,17.35,2.32128188270068,68.1,134.3,-44.9444,0.2,1,0.6,0.0225899845359741,4.56872005697173,0.714768746941349,31.3336982581335,3.0041,39.6438770465826,33.4026431377594
1959,8,2.029,0,17.33,2.3175898224516,32.6,111.7,-44.9444,0.2,1,0.6,1.21543275844811,5.36854917242715,0.710205908164494,31.3265584444836,3.0041,41.6248462835234,33.4506739008186
1959,9,0,0,14.35,1.78595773313663,4.7,66.7,-44.9444,0.2,0,1,0.902524512010753,5.32082257424112,0.736446468194187,31.3549378647225,3.0041,41.3188314191685,33.7566887651735
1959,10,0,0,11.85,1.37567146260994,55.3,31.8,-13.4944,1,0,1,0.286805121068275,5.14094093529197,0.776639724123647,31.3933116766854,3.0041,40.6017974571693,34.4737227271727
1959,11,0,0,6.38,0.63970078074078,59.9,9.8,0,1,1,0.6,0.208294423011993,5.09184689425329,0.777118567560668,31.3928424297335,3.0041,40.4742023145594,34.6013178697826
1959,12,0,0,5.46,0.542529809884423,98.3,5.4,0,1,1,0.6,0.158806688848796,5.05057786369285,0.77571766411467,31.3903584232418,3.0041,40.3795606398981,34.6959595444439
1960,1,0,0,3.5,0.364165153996494,82.2,5.9,0,1,1,0.6,0.132370537478372,5.0230644109297,0.774057726586121,31.3878585056754,3.0041,40.3214511806696,34.7540690036724
1960,2,0,0,4.08,0.412820035600598,63.1,18.1,0,1,1,0.6,0.107683360577805,4.99205619168488,0.771646991635562,31.3843686667952,3.0041,40.2598552106935,34.8156649736485
1960,3,0,0,5.75,0.572250169907433,47.4,46.1,0,1,1,0.6,0.0808883646114638,4.94938900090958,0.767590568563251,31.3785979352059,3.0041,40.1805658692902,34.8949543150518
1960,4,0.2594,0,8.59,0.906289985464036,13.5,75.8,-43.35,0.251043082551429,1,0.6,0.225288568798289,5.03882879706983,0.765766081731942,31.3760578563133,3.0041,40.4100413039133,34.9248788804287
1960,5,0.2594,0,12.5,1.47862354663081,45.8,112.8,-44.9444,0.2,1,0.6,0.347420497333783,5.12282882551578,0.765460625994451,31.3751520135974,3.0041,40.6149619624414,34.9793582219006
1960,6,0.2594,0,15.56,1.99702879506593,98.2,120.1,-36.8194,0.460113551010013,1,0.6,0.372543805479151,5.15900786708777,0.768050846354684,31.3762148316274,3.0041,40.679917350549,35.173802833793
1960,7,0.2594,0,15.08,1.91243732457224,86.9,131.3,-44.9444,0.2,1,0.6,0.460793453681787,5.23579589621186,0.770237331236865,31.378091727239,3.0041,40.8490184083695,35.2641017759725
1960,8,0.2594,0,14.95,1.88971722614626,95.2,105,-28.4944,0.726629897121809,1,0.6,0.385016697543971,5.23535998834793,0.778178363128475,31.3844146675013,3.0041,40.7870697165217,35.5854504678203
1960,9,1.2972,0,13.05,1.56786827378584,110.8,60,0,1,1,0.6,0.941408421221192,5.64526377445416,0.781667813015069,31.3854058719001,3.0041,41.7578458805905,35.9118743037515
1960,10,0,0,10.19,1.12625936831811,119.7,31.7,0,1,1,0.6,0.536060694244515,5.5506943779733,0.810597308759687,31.4175167904274,3.0041,41.3189691714049,36.3507510129371
1960,11,0,0,7.33,0.748716067333852,82.7,5.8,0,1,1,0.6,0.368665362735474,5.48870471348148,0.818601303075179,31.4266217723535,3.0041,41.1066931516456,36.5630270326964
1960,12,0,0,3.81,0.389735958931369,104.5,0.9,0,1,1,0.6,0.303390688840543,5.45671113852721,0.820366010114737,31.4287278172205,3.0041,41.013295654703,36.6564245296391
1961,1,0,0,3.59,0.371486082434239,64.8,8.8,0,1,0,1,0.222616295551964,5.40626842954734,0.820818695951399,31.4292832552859,3.0041,40.8830866763366,36.7866335080054
1961,2,0,0,7.16,0.728575297738795,60.2,19.7,0,1,0,1,0.121304457165171,5.30868797046965,0.816016817021129,31.4233535301439,3.0041,40.6734627747998,36.9962574095422
1961,3,0,0,7.96,0.825701375106469,25.4,42.8,-6.7,1,0,1,0.0609600712996929,5.20022650766327,0.805084321905289,31.4098357509178,3.0041,40.4802066517861,37.189513532556
1961,4,0,0,9.68,1.0538488367628,70,76.2,0,1,0,1,0.0253305636750025,5.06500924457049,0.787393100092978,31.3871697248445,3.0041,40.269002633183,37.400717551159
1961,5,0,0,10.55,1.17860660643601,26.9,105.7,-44.9444,0.2,1,0.6,0.0225143088592315,5.04713190864313,0.784776142603555,31.3838621875189,3.0041,40.2423845476248,37.4273356367172
1961,6,0,0,14.49,1.81000238121386,38.4,122.4,-44.9444,0.2,1,0.6,0.0187867309152177,5.01980021911515,0.780729060301596,31.3786922475377,3.0041,40.2021082578696,37.4676119264724
1961,7,0,0,15.36,1.96165036993465,53.3,132.7,-44.9444,0.2,1,0.6,0.0154403742186889,4.99034569447072,0.776306258146538,31.3729813201963,3.0041,40.1591736470322,37.5105465373098
1961,8,0,0,15.81,2.04150893859021,78.5,109.4,-44.9444,0.2,1,0.6,0.0125891444044822,4.95987559117131,0.77167574934202,31.3669351575646,3.0041,40.1151756424824,37.5545445418596
1961,9,0,0,15.24,1.94051321157481,75.4,69.5,-21.6694,0.94512527997022,1,0.6,0.00503201671542451,4.82528710482567,0.751316521372483,31.3387604391802,3.0041,39.9244960820938,37.7452241022483
1961,10,0,0,10.53,1.17567220836429,91,31.8,0,1,1,0.6,0.00279542663460592,4.74093869720897,0.738214542378878,31.3201204588293,3.0041,39.8061691250517,37.8635510592903
1961,11,2.5972,0,5.76,0.573290046362615,76.8,9.3,0,1,1,0.6,1.53496618535011,5.76467705477507,0.731826371864182,31.3109116527544,3.0041,42.3464812647438,37.9204389195982
1961,12,0,0,1.92,0.249327245950547,108.4,2,0,1,0,1,1.2469937401405,5.7288565323077,0.757195400607929,31.3393847206831,3.0041,42.0765303937393,38.1903897906027
1962,1,0,0,3.99,0.405041364799995,89.4,7,0,1,0,1,0.889764174431005,5.67113865537047,0.786652239406515,31.3723983040655,3.0041,41.7240533732735,38.5428668110685
1962,2,0,0,4.14,0.418052423080264,24.2,23.6,0,1,0,1,0.628024661644544,5.61217647668055,0.805499795120626,31.3936632579265,3.0041,41.4434641913722,38.8234559929698
1962,3,0,0,2.21,0.268472676466053,52.2,38.9,0,1,0,1,0.50212656299903,5.57463470338089,0.812982081390504,31.4022626699684,3.0041,41.2961060177389,38.9708141666032
1962,4,0,0,7.38,0.754691518727931,54.4,72.8,-0.199999999999996,1,1,0.6,0.344297615983797,5.51188361341887,0.81991406650454,31.4101850244954,3.0041,41.0903803204026,39.1765398639394
1962,5,0,0,9.81,1.07210821228426,69.1,103.6,-8.79999999999999,1,1,0.6,0.201432097591544,5.42395251058673,0.821265407874509,31.4115720727962,3.0041,40.862322088849,39.404598095493
1962,6,0,0,13.15,1.58429577684685,7.8,116.6,-44.9444,0.2,1,0.6,0.171918884228785,5.39823424184902,0.820235429768664,31.4104398871873,3.0041,40.8049284430338,39.4619917413082
1962,7,0,0,14.68,1.84279762115683,60.6,134.5,-44.9444,0.2,1,0.6,0.14298546763089,5.36847302384328,0.818490681251934,31.4084573459302,3.0041,40.7425065186563,39.5244136656857
1962,8,1.9732,0,14.69,1.84452882445201,86.6,108.2,-39.4944,0.374476166523639,1,0.6,1.26581079792582,6.12175489551033,0.814028367343854,31.4031853807503,3.0041,42.6088794415303,39.6312407428117
1962,9,0,0,12.51,1.48022910719091,97.1,60.4,0,1,0,1,0.368685466717657,5.8993553095447,0.878833411025799,31.4765982929863,3.0041,41.6275724802745,40.6125477040675
1962,10,0,0,10.11,1.11476383601411,67.1,29.3,0,1,0,1,0.14561614614717,5.73721545049748,0.877101790380156,31.4774921154636,3.0041,41.2415255024884,40.9985946818536
1962,11,0,0,5.08,0.504870302280823,71.7,11.6,0,1,0,1,0.0956072612414614,5.66525678574055,0.870655782725939,31.4716470864487,3.0041,41.1072669161567,41.1328532681853
1962,12,0,0,0.78,0.182328963270821,46.1,-0.5,0,1,0,1,0.082130378710826,5.63949204118029,0.867826812847081,31.4689621551465,3.0041,41.0625113878847,41.1776087964573
1963,1,0,0,-3.83,0.0309248014609581,42.7,2.1,0,1,0,1,0.0800408637368074,5.63513372185652,0.867324611267317,31.468481991605,3.0041,41.0550811884656,41.1850389958764
1963,2,0,0,-1.86,0.0746185105219243,22.2,13,0,1,0,1,0.0752153407036878,5.62463138863501,0.866095059764469,31.4672952957061,3.0041,41.0373370848093,41.2027830995327
1963,3,0,0,5.72,0.569136539217186,81.6,45.5,0,1,0,1,0.0468089657075205,5.54516846382413,0.856156043641627,31.4571261996895,3.0041,40.9093596728627,41.3307605114793
1963,4,0,0,8.39,0.880323570541903,59.6,75.5,0,1,0,1,0.0224765329307296,5.42446302136142,0.839293095661908,31.4387134849334,3.0041,40.7290461348875,41.5110740494545
1963,5,0,0,10.36,1.15085381389005,43.8,108.4,-37.5,0.438324839278637,1,0.6,0.017465855793895,5.38357254218867,0.833142183472188,31.4319032537729,3.0041,40.6701838352277,41.5699363491143
1963,6,0,0,14.52,1.81516816387966,36.1,120.7,-44.9444,0.2,1,0.6,0.0145665974423343,5.35433594997351,0.828668860686162,31.4268902733036,3.0041,40.6285616814056,41.6115585029364
1963,7,0,0,14.61,1.83069351723836,48.4,121,-44.9444,0.2,1,0.6,0.0121297572386725,5.32501010928774,0.824139762117604,31.4217520402265,3.0041,40.5871316688705,41.6529885154715
1963,8,0,0,14.05,1.73478548473967,87.1,107,-38.0944,0.419295732236133,1,0.6,0.00843144049303911,5.26722568155755,0.81517800426525,31.4113306406828,3.0041,40.5062657669987,41.7338544173433
1963,9,0.9807,0,12.58,1.49148600601161,83.4,61.7,-0.9694,1,1,0.6,0.582808861090852,5.55258503940694,0.797113373290237,31.3892694348407,3.0041,41.3258767086287,41.8949434757133
1963,10,0,0,10.75,1.20811776993034,46.2,34.7,0,1,0,1,0.212957895034106,5.38738790080216,0.812047127014816,31.4038167631785,3.0041,40.8203096860296,42.4005104983124
1963,11,0,0,8.16,0.850900631201073,113.5,11.4,0,1,0,1,0.104795476830219,5.27399495925333,0.805814390083093,31.3955806461408,3.0041,40.5842854723075,42.6365347120345
1963,12,0,0,1.81,0.242290395989286,26.2,2.2,0,1,0,1,0.0856356739098352,5.24214555850478,0.802723884446101,31.3917993042527,3.0041,40.5264044211134,42.6944157632286
1964,1,0,0,2.22,0.269148264722427,44.2,4.7,0,1,1,0.6,0.0748531216384797,5.22102450669368,0.800460916012252,31.3890274618656,3.0041,40.48946600621,42.731354178132
1964,2,0,0,4.07,0.411951595016809,35.8,19.8,0,1,1,0.6,0.0609194206363476,5.18886183940205,0.796768777654981,31.3844529512984,3.0041,40.4351029889918,42.7857171953502
1964,3,0,0,3.7,0.380548183568056,97.2,45,0,1,1,0.6,0.0503640650613159,5.15932703600022,0.793140717184104,31.3799255027879,3.0041,40.3868573210335,42.8339628633085
1964,4,0,0,8.39,0.880323570541903,81.7,78,0,1,1,0.6,0.0324310449234426,5.09164671582786,0.784282876030886,31.3685741780456,3.0041,40.2810348148278,42.9397853695142
1964,5,0,0,13.16,1.5859418570357,48.5,112.6,-35.95,0.487946501317471,1,0.6,0.0220252329960103,5.03288549325207,0.77604398505341,31.3578510283916,3.0041,40.192905739693,43.0279144446489
1964,6,0,0,13.85,1.70094379839839,93.1,123.4,-35.4,0.505554187847379,1,0.6,0.014328192790665,4.96838425390928,0.766647667665217,31.3453555635596,3.0041,40.0988156779248,43.1220045064172
1964,7,0,0,16.31,2.13129183639303,28.2,132.8,-44.9444,0.2,1,0.6,0.0115779211643927,4.93671836526236,0.761898581746843,31.3389931146195,3.0041,40.0532879827931,43.1675322015489
1964,8,2.029,0,15.59,2.00235147605179,27.5,106.5,-44.9444,0.2,1,0.6,1.20699277136485,5.73863632127158,0.757420773738888,31.3329309697941,3.0041,42.0400808361694,43.2097393481726
1964,9,0,0,13.9,1.70938339118928,33.4,61.3,-44.9444,0.2,0,1,0.907769053866164,5.68979768040118,0.782036275978812,31.3605417884448,3.0041,41.7442447986909,43.505575385651
1964,10,0,0,8.37,0.877746354560321,48.5,27.4,-16.9944,1,0,1,0.436825894441804,5.56630262324809,0.814180658635875,31.3956990649413,3.0041,41.2171082412671,44.0327119430749
1964,11,0,0,7.21,0.734470779262229,46.6,8.4,0,1,1,0.6,0.302565963600878,5.50531489352632,0.818915707945272,31.4010940448345,3.0041,41.031990609907,44.217829574435
1964,12,0,0,3.18,0.338817058737391,59.3,5.1,0,1,1,0.6,0.255415284160894,5.4774064535196,0.819470844341511,31.4017970959807,3.0041,40.9581896780027,44.2916305063393
1965,1,0,0,3.22,0.341927360870173,64,5.7,0,1,1,0.6,0.215277330322173,5.44938524707885,0.819252601867929,31.4015992749458,3.0041,40.8896144542147,44.3602057301273
1965,2,0,0,2.51,0.289188596123318,28.6,22.6,0,1,1,0.6,0.186295254946607,5.42579794187276,0.818546486872273,31.4008250479628,3.0041,40.8355647316544,44.4142554526876
1965,3,0,0,5.26,0.52252659627562,67.1,41.7,0,1,1,0.6,0.143461902075285,5.38343731194166,0.816331817631969,31.3982489046343,3.0041,40.7455799362832,44.5042402480588
1965,4,0.3523,0,7.9,0.818212244970774,61.2,73.9,0,1,1,0.6,0.303221130006908,5.46214173971576,0.811017837402316,31.3918597567056,3.0041,40.9723404638306,44.6297797205114
1965,5,0.3523,0,11.24,1.28168055444099,55.4,108.2,-25.75,0.814489051508501,1,0.6,0.387846136535578,5.52165028723494,0.810903192666886,31.3912111941308,3.0041,41.1157108105682,44.8387093737738
1965,6,0.3523,0,13.95,1.71783692073746,61.6,120.3,-44.9444,0.2,1,0.6,0.534556474160739,5.63764014111088,0.812922013931862,31.3935297364782,3.0041,41.3827483656816,44.9239718186603
1965,7,0.3523,0,13.68,1.67235445947842,96.8,126.3,-42.8694,0.266428999181019,1,0.6,0.635727341800027,5.74445939464991,0.818396063226906,31.39990008262,3.0041,41.6025828822968,45.0564373020452
1965,8,0.3523,0,14.67,1.84106692805854,77.7,103.4,-42.7194,0.271231095507357,1,0.6,0.703192207812977,5.84596484582446,0.826662320886303,31.4096299663198,3.0041,41.7895493408435,45.2217708434984
1965,9,1.7616,0,12.24,1.43710676598175,139.6,61.1,0,1,1,0.6,1.38247222048359,6.44319795591269,0.846302308393786,31.4325269553981,3.0041,43.1085994401882,45.6643207441538
1965,10,0,0,10.32,1.14504662928638,63.3,30.6,0,1,1,0.6,0.779852909914969,6.33347649317562,0.894371769888904,31.4898251733217,3.0041,42.5016263463012,46.2712938380408
1965,11,0,0,4.29,0.431296337046394,73.8,5.6,0,1,1,0.6,0.628576133756964,6.29263466940732,0.903981238502091,31.5023647009007,3.0041,42.3316567425671,46.4412634417749
1965,12,0,0,4.39,0.440254769770211,120.1,1.2,0,1,1,0.6,0.504379908821369,6.25121614379214,0.910560687135843,31.5115284109935,3.0041,42.1817851507428,46.5911350335992
1966,1,0,0,2.05,0.257803025310359,44.7,8.8,0,1,0,1,0.406870078499152,6.21105613909961,0.914455264527339,31.5176130372672,3.0041,42.0540945193933,46.7188256649487
1966,2,0,0,5.97,0.595357786022696,84.3,22,0,1,0,1,0.24773569420641,6.11929569596388,0.91675021939813,31.5236307056229,3.0041,41.8115123151913,46.9614078691507
1966,3,0,0,6.01,0.599610879192411,33.4,42.6,0,1,0,1,0.150308026123603,6.02824989470709,0.912454962808613,31.5220132293254,3.0041,41.6171261129647,47.1557940713773
1966,4,0,0,7.37,0.753494554959577,90.3,73.8,0,1,0,1,0.080220136899364,5.91575642460314,0.901824775153702,31.5134563202797,3.0041,41.4153576569359,47.3575625274061
1966,5,0,0,10.52,1.17420615613206,63.5,97.7,-9.77500000000001,1,1,0.6,0.0445972183757122,5.81247389282924,0.888964376414966,31.5016151010343,3.0041,41.2517505886542,47.5211695956877
1966,6,0,0,15.25,1.94227203283837,140.9,121.7,0,1,1,0.6,0.0168868543883208,5.64557582643978,0.865457350839204,31.4776834662202,3.0041,41.0097034978875,47.7632166864545
1966,7,0,0,14.61,1.83069351723836,74.8,124.2,-18.35,1,1,0.6,0.00676112106136304,5.4926552796702,0.84237207846438,31.4525706429847,3.0041,40.7984591221806,47.9744610621614
1966,8,0,0,14.47,1.80656113325819,126.6,99,0,1,1,0.6,0.00273986362470545,5.34581161765868,0.819746460471508,31.4264706350074,3.0041,40.5988685767623,48.1740516075797
1966,9,0,0,13.72,1.67906662983466,80.9,64.7,0,1,1,0.6,0.001183380096537,5.21285338051296,0.799142737924449,31.4014313547169,3.0041,40.4187108532509,48.3542093310911
1966,10,0,0,10.18,1.12481967296801,143.7,30.2,0,1,1,0.6,0.000674330451398756,5.12563840735332,0.785526819237403,31.3843302718342,3.0041,40.3002698288763,48.4726503554656
1966,11,2.6,0,4.94,0.491365615062217,71.6,10.4,0,1,1,0.6,1.53504744124075,6.15347885159431,0.779601175394103,31.376788676004,3.0041,42.8490161442332,48.5239040401088
1966,12,0,0,5.06,0.502928828596031,95.5,5.3,0,1,0,1,1.00949875929823,6.07659416078497,0.824566945200245,31.428253182083,3.0041,42.3430130473665,49.0299071369755
1967,1,0,0,4.35,0.436659009140474,51.7,4.3,0,1,0,1,0.701574223725349,6.01061992936124,0.847424307337117,31.4551917464116,3.0041,42.0189102068353,49.3540099775067
1967,2,0,0,5.15,0.511697518910121,78.8,18.6,0,1,0,1,0.458019656821431,5.93421916464903,0.861640017449806,31.4726720745117,3.0041,41.7306509134319,49.64226927091
1967,3,0,0,7.2,0.733289794131078,52.5,46.6,0,1,0,1,0.248598034699998,5.82642270042164,0.867293403874344,31.4808505089507,3.0041,41.4272646479466,49.9456555363953
1967,4,0,0,7.38,0.754691518727931,83.4,74,0,1,1,0.6,0.170458440147553,5.76083734918612,0.865200036568145,31.4796868387904,3.0041,41.2802826646922,50.0926375196498
1967,5,0,0,10.33,1.14649726097639,118.9,102.3,0,1,1,0.6,0.096085928890678,5.6626126143204,0.85761404348015,31.4724202545581,3.0041,41.0928328412493,50.2800873430926
1967,6,0,0,13.28,1.6057416737275,61.3,111.3,-22.175,0.928939013952907,1,0.6,0.0455779861549657,5.53732115090257,0.843312995303364,31.4570786956751,3.0041,40.887390828036,50.485529356306
1967,7,0,0,17.03,2.26238330973901,44.3,132.5,-44.9444,0.2,1,0.6,0.0363497202966002,5.49986577345933,0.838295239385177,31.451630154754,3.0041,40.8302408878951,50.5426792964468
1967,8,1.9398,0,15.78,2.036156506665,43.7,112,-44.9444,0.2,1,0.6,1.17452318411201,6.26130245175351,0.833645628692168,31.4465027374627,3.0041,42.7200740020204,50.5926461823216
1967,9,0,0,13.43,1.63061191965067,58.8,67.6,-36.8444,0.459313201622289,0,1,0.629221217672065,6.14515633264894,0.874831007155616,31.4951150572181,3.0041,42.1484236146947,51.1642965696472
1967,10,0,0,10.92,1.23343878568247,120.7,36.6,0,1,0,1,0.225116318007868,5.95855626119697,0.89008287011823,31.5156989549697,3.0041,41.5935544042927,51.7191657800492
1967,11,0,0,4.97,0.494242645310608,59.4,8.6,0,1,0,1,0.149119554954474,5.88538493180464,0.886490384204376,31.5135524643364,3.0041,41.4386473352999,51.8740728490421
1967,12,0,0,3.67,0.378064235038203,47.8,1.4,0,1,0,1,0.108819966940209,5.83002064585964,0.881877470064439,31.5097022747515,3.0041,41.3345203576158,51.9781998267262
1968,1,0,0,3.62,0.373945097286823,46.4,15.3,0,1,0,1,0.0796844071886696,5.77577192555367,0.876251990759214,31.5045408576125,3.0041,41.240349181114,52.072371003228
1968,2,0,0,1.76,0.23913262862136,21.8,18.1,0,1,0,1,0.0652872478973302,5.74134554589897,0.872223828768918,31.5006988188718,3.0041,41.183655441437,52.1290647429049
1968,3,0,0,6.64,0.668673915805509,15.8,58.7,-24.9890864,0.838848920863309,0,1,0.0409096675321084,5.66139704051919,0.862056738203853,31.4904344405904,3.0041,41.0588978868455,52.2538222974964
1968,4,0,0,7.75,0.799633140142171,50.7,74.8,-24.9890864,0.838848920863309,0,1,0.0233919101191326,5.56725104722313,0.848978677507136,31.4765508999606,3.0041,40.92027253481,52.392447649532
1968,5,0,0,9.69,1.05524853098435,55.2,100.8,-44.9444,0.2,1,0.6,0.0210492596415111,5.54965441468252,0.846395522688551,31.4737931192528,3.0041,40.8949923162654,52.4177278680766
1968,6,0,0,14.81,1.86534284101841,77.4,122.4,-44.9444,0.2,1,0.6,0.0174673094749623,5.5186851236212,0.841811620301521,31.4688297393431,3.0041,40.8508937927408,52.4618263916012
1968,7,0,0,14.79,1.86186878625496,108.5,131.7,-35.2194,0.511335911824292,1,0.6,0.0108515824494246,5.440435017207,0.830127792828933,31.4557329987744,3.0041,40.7412473912598,52.5714727930822
1968,8,0,0,15.34,1.95812278497978,75.1,115.1,-44.9444,0.2,1,0.6,0.008921808197092,5.40856958418534,0.825253580979153,31.4502076719953,3.0041,40.6970526453568,52.6156675389851
1968,9,1.3848,0,14.04,1.7330881508587,108.2,72.5,0,1,1,0.6,0.821059705286483,5.83726955128679,0.804273915715607,31.4249721233474,3.0041,41.8916752956363,52.8058448887057
1968,10,0,0,12.66,1.50438935254434,40.8,41.5,0,1,0,1,0.234378665404163,5.62180851019519,0.83667216738788,31.4592867772893,3.0041,41.1562461202765,53.5412740640655
1968,11,0,0,6.27,0.627641500329204,52.9,15.7,0,1,0,1,0.13892072574451,5.53428496535726,0.833173407780613,31.4556147665871,3.0041,40.9660938654695,53.7314263188725
1968,12,0,0,2.27,0.272541642471631,47.1,3,0,1,0,1,0.11069574664951,5.49670505900076,0.830201859711615,31.4523931719934,3.0041,40.8940958373553,53.8034243469867
1969,1,0,0,5.65,0.561906433124297,75.9,8.3,0,1,1,0.6,0.083582335515051,5.4505702489678,0.825768089840674,31.4474250948284,3.0041,40.811445769152,53.88607441519
1969,2,0,0,0.52,0.168857822461814,57.4,12.6,0,1,1,0.6,0.0768152577365556,5.43678214670486,0.824282697307634,31.445758339417,3.0041,40.787738441166,53.9097817431759
1969,3,0,0,3.32,0.34977587467358,55.7,39.3,0,1,1,0.6,0.0644903339628019,5.40833201727276,0.821062610038138,31.4420860215473,3.0041,40.740070982821,53.957449201521
1969,4,0,0,7.67,0.789808669911574,34.7,75,-21.55,0.948947748645985,1,0.6,0.0443348820296344,5.34787038720368,0.813663654937694,31.4333904153854,3.0041,40.6433593395564,54.0541608447856
1969,5,0,0,11.8,1.36786961879331,75.2,116.1,-33.425,0.568781789477506,1,0.6,0.0300469785098322,5.28582195502887,0.805410558327833,31.4234672360236,3.0041,40.5488467278901,54.1486734564519
1969,6,0,0,13.24,1.59913215330014,29.8,114,-44.9444,0.2,1,0.6,0.0256065682755059,5.26052450097084,0.801870661521396,31.4191896554633,3.0041,40.5112913862311,54.1862287981109
1969,7,0,0,17.13,2.28074874940474,40.4,135.8,-44.9444,0.2,1,0.6,0.0203844838711049,5.22465355580582,0.7967588514465,31.4129238646132,3.0041,40.4588207557366,54.2386994286054
1969,8,2.029,0,16.48,2.16205785610243,60.6,124.6,-44.9444,0.2,1,0.6,1.21393691868777,6.02235941053615,0.791850273147299,31.40683317583,3.0041,42.4390797782012,54.2874404061408
1969,9,0,0,13.9,1.70938339118928,12.2,73.8,-44.9444,0.2,0,1,0.91299168832992,5.97110614547849,0.816315557901314,31.4349784288522,3.0041,42.139491820562,54.58702836378
1969,10,0,0,12.9,1.54334154250186,3.4,37.6,-44.9444,0.2,0,1,0.705920896392083,5.92520619067014,0.831399874086287,31.4526498576987,3.0041,41.9192768188472,54.8072433654947
1969,11,0,0,5.4,0.536486399538762,65.3,14.9,0,1,1,0.6,0.539833083246251,5.87771564416239,0.841779823996451,31.4650925648345,3.0041,41.7285211162396,54.9979990681024
1969,12,0,0,2.92,0.319005296954519,49.4,4.8,0,1,1,0.6,0.460244255234708,5.84965749157716,0.845855020341193,31.4701887015155,3.0041,41.6300454686685,55.0964747156734
1970,1,0,0,3.58,0.370668489017569,56.2,5.3,0,1,1,0.6,0.382383141316475,5.81722348655442,0.849047041243988,31.4743449772074,3.0041,41.5270986463223,55.1994215380196
1970,2,0,0,2.69,0.302064399135136,56.9,19.1,0,1,1,0.6,0.328780677300971,5.79092546750358,0.850594421571836,31.4765415738475,3.0041,41.4509421402239,55.2755780441181
1970,3,0,0,2.78,0.308628118119098,44.7,41.1,0,1,1,0.6,0.281765970646386,5.76417878966043,0.851359743855413,31.4778450304696,3.0041,41.3792495346318,55.3472706497101
1970,4,0.262,0,6.69,0.674320880610798,71.5,80.1,0,1,1,0.6,0.355755346412579,5.8135366712097,0.850824308920716,31.47799157661,3.0041,41.502207903153,55.486312281189
1970,5,0.262,0,13.13,1.58100542782568,6.8,114.8,-44.9444,0.2,1,0.6,0.45836348546478,5.89339586010401,0.852010966673325,31.4798006705621,3.0041,41.6876709828043,55.5628492015377
1970,6,0.262,0,16.02,2.07908685444969,32.7,134.7,-44.9444,0.2,1,0.6,0.526952444953319,5.96411921317849,0.855418356482045,31.4843443247639,3.0041,41.8349343393778,55.6775858449642
1970,7,0.262,0,15.5,1.98639581630044,42.2,152.3,-44.9444,0.2,1,0.6,0.586651899760311,6.03605119742337,0.859971193567374,31.4902625489448,3.0041,41.9770368396959,55.7974833446461
1970,8,0.262,0,15.71,2.02368310974974,63.4,110.6,-44.9444,0.2,1,0.6,0.63380617429717,6.10688464538305,0.865697672428998,31.4976362203441,3.0041,42.1081247124533,55.9283954718887
1970,9,1.3098,0,14.7,1.8462605373438,39.3,77,-44.9444,0.2,1,0.6,1.30000000299566,6.6099094861096,0.871791625803397,31.5054698051638,3.0041,43.2912709200724,56.0550492642695
1970,10,0,0,10.82,1.21851793862295,18.1,50.5,-44.9444,0.2,1,0.6,1.15086343409084,6.585790716853,0.883957384282526,31.5202717472493,3.0041,43.1449832824757,56.2013369018663
1970,11,0,0,7.98,0.828205021630839,130.5,24.6,0,1,1,0.6,0.760643846493517,6.50448104651242,0.913262204527762,31.5565554007446,3.0041,42.7390424982783,56.6072776860637
1970,12,0,0,3.66,0.377238329718063,38,4.9,0,1,1,0.6,0.6298905513122,6.46777889190555,0.921391663465451,31.5674601606409,3.0041,42.5906212673241,56.7556989170179
1971,1,0,0,4.17,0.420682590037938,87,7.5,0,1,0,1,0.443623953143371,6.40011328797249,0.930595687090185,31.5808785480652,3.0041,42.3593114762712,56.9870087080708
1971,2,0,0,4.16,0.419804832973437,14.5,17.6,0,1,0,1,0.312667363925463,6.33329457428791,0.933923881080402,31.5876315763594,3.0041,42.1716173956532,57.1747027886888
1971,3,0,0,4.57,0.456639806802495,48.4,41,0,1,0,1,0.213707170976375,6.2614048411906,0.932979281930142,31.5896835888103,3.0041,42.0018748829075,57.3444453014345
1971,4,0,0,7.32,0.747523789572484,33.5,80.8,-24.9890864,0.838848920863309,0,1,0.126729781447071,6.16401337526167,0.926723754171325,31.5864719178554,3.0041,41.8080388287354,57.5382813556065
1971,5,0,0,11.03,1.2499372981212,35.5,101.5,-44.9444,0.2,1,0.6,0.111839340843744,6.14094276684417,0.924558756322343,31.5849729144947,3.0041,41.7664137785049,57.579906405837
1971,6,0,0,12.1,1.41493566395445,84.3,124.5,-44.9444,0.2,1,0.6,0.0970833432472448,6.11493089679242,0.921905574998341,31.5830098923249,3.0041,41.7210297073629,57.6252904769791
1971,7,0,0,16.67,2.19658187222365,36.6,129.2,-44.9444,0.2,1,0.6,0.0779378435232819,6.07476753622388,0.917446024469858,31.5794793653607,3.0041,41.6537307695777,57.6925894147643
1971,8,0,0,15.78,2.036156506665,85.5,125.7,-44.9444,0.2,1,0.6,0.0635798108470993,6.03777310858686,0.912990300910815,31.5757678142678,3.0041,41.5942110346126,57.7521091497293
1971,9,1.7447,0,13.36,1.61898926172307,15.7,55.1,-44.9444,0.2,1,0.6,1.08379829634936,6.7234969998909,0.909266576080408,31.5725652346162,3.0041,43.2932271069369,57.7977930774051
1971,10,0,0,11.2,1.27560951108259,79.5,32.2,0,1,0,1,0.37436047319737,6.51246588248729,0.954567387573722,31.6310125615153,3.0041,42.4765063047737,58.6145138795683
1971,11,0,0,5.71,0.568100662920862,66.8,11.1,0,1,0,1,0.233177961712412,6.42062619892859,0.954990504884517,31.6360458532609,3.0041,42.2489405187864,58.8420796655556
1971,12,0,0,5.88,0.585846414698556,21,5.1,0,1,0,1,0.14310757220231,6.32727397254168,0.949632464447132,31.634428319552,3.0041,42.0585423287431,59.0324778555989
1972,1,0,0,3.54,0.367408507265661,59.1,10.8,0,1,1,0.6,0.119091528793102,6.29249946963927,0.946529339195845,31.6325994894572,3.0041,41.9948198270854,59.0962003572565
1972,2,0,0,4.04,0.409352487984114,38.1,18.7,0,1,1,0.6,0.097049009452818,6.25398009597208,0.942613731836441,31.6299657699561,3.0041,41.9277086072174,59.1633115771246
1972,3,0,0,6.42,0.644115332764782,42.6,42.7,0,1,1,0.6,0.070327185892437,6.19384679256465,0.935735328693314,31.6247966634775,3.0041,41.8288059706279,59.2622142137141
1972,4,0,0,8.03,0.834480002892466,48.5,93.3,-21.475,0.951348796809154,1,0.6,0.0472861605201155,6.12052650609076,0.926381460019348,31.6171238305423,3.0041,41.7154179571726,59.3756022271694
1972,5,0,0,10.58,1.18301392854732,39.9,125.7,-44.9444,0.2,1,0.6,0.0420103606667451,6.09884300236082,0.923420109665405,31.614625600093,3.0041,41.6829990727859,59.4080211115561
1972,6,0,0,11.96,1.39289560885042,27.3,128.4,-44.9444,0.2,1,0.6,0.0365480089316878,6.07341102059976,0.919876492619746,31.6115795564601,3.0041,41.6455150786113,59.4455051057307
1972,7,0,0,15.32,1.95459708383345,67.5,137.6,-44.9444,0.2,1,0.6,0.0300591468134338,6.03790201662904,0.914826083068336,31.6071366783533,3.0041,41.5940239248642,59.4969962594778
1972,8,2.4313,0,14.97,1.89320722410776,15.2,110,-44.9444,0.2,1,0.6,1.45982783702114,7.00005295900093,0.909856069846492,31.6026722098642,3.0041,43.9765090757327,59.5458111086092
1972,9,0,0,11.38,1.30301987427943,35.7,67.2,-44.9444,0.2,0,1,1.17485945758006,6.95459516019986,0.933296548085454,31.6316659723208,3.0041,43.6985171381862,59.8238030461558
1972,10,0,0,10.13,1.11763299235227,21.8,34.3,-44.9444,0.2,0,1,0.975189336534057,6.91584012083109,0.948551297386466,31.6511786370233,3.0041,43.494859391775,60.027460792567
1972,11,0,0,5.99,0.597482349147767,51.7,15.4,-4.79439999999999,1,1,0.6,0.723348025121679,6.85413565280061,0.965796225482824,31.6742574005161,3.0041,43.2216373039212,60.3006828804208
1972,12,0,0,5.41,0.537491111456246,46.3,5.1,0,1,1,0.6,0.552882174689747,6.79909726590958,0.97526043861759,31.6882799602134,3.0041,43.0196198394303,60.5027003449117
1973,1,0,0,4.14,0.418052423080264,20,6.5,0,1,0,1,0.390242325626197,6.72840783080943,0.981376770374097,31.6994123141032,3.0041,42.8035392409129,60.7187809434291
1973,2,0,0,3.83,0.391419959832174,18.5,14.2,0,1,0,1,0.281627308014769,6.66288809720613,0.98245636422322,31.704543177147,3.0041,42.6356149465911,60.8867052377509
1973,3,0,0,5.53,0.549626325207997,11.1,37.8,-17.25,1,0,1,0.178138734923576,6.57196175421273,0.978951958733167,31.7057423396993,3.0041,42.4388947875688,61.0834253967732
1973,4,0,0,6.93,0.701761458091847,46.2,76.8,-24.9890864,0.838848920863309,0,1,0.109071408131796,6.47595174615704,0.970932014249946,31.7018475966624,3.0041,42.2619027652012,61.2604174191408
1973,5,0,0,11.17,1.27106382926575,111.3,106.2,0,1,1,0.6,0.0577700730086482,6.35365111983276,0.95690637491633,31.6919330491758,3.0041,42.0643606169335,61.4579595674085
1973,6,0,0,14.57,1.82378819007707,71.5,117,-16.25,1,1,0.6,0.0232098504874371,6.18219140143766,0.933587388214674,31.6724249418717,3.0041,41.8155135820115,61.7068066023305
1973,7,0,0,15.46,1.97931638721607,37.2,128.5,-44.9444,0.2,1,0.6,0.0190419633241927,6.14559063746907,0.928137235019694,31.6677152938897,3.0041,41.7645851297027,61.7577350546393
1973,8,0,0,16.54,2.1729445554989,32.2,109.7,-44.9444,0.2,1,0.6,0.0153229343666389,6.10565885007004,0.922118282731237,31.6624043493874,3.0041,41.7096044165553,61.8127157677866
1973,9,1.6588,0,14.47,1.80656113325819,36.2,77.1,-44.9444,0.2,1,0.6,0.991814155925018,6.75243386104083,0.917089059184187,31.6578927070628,3.0041,43.3233297832129,61.8577904011291
1973,10,0,0,8.74,0.925994865105036,30,28.6,-36.3944,0.473719490601305,0,1,0.688134445458083,6.67878754947569,0.938263043841745,31.6852756430479,3.0041,42.9945606818234,62.1865595025185
1973,11,0,0,5.4,0.536486399538762,32.1,8.7,-10.8194,1,0,1,0.440060507338738,6.5898086160137,0.950994067944835,31.7039273138255,3.0041,42.6888905051228,62.4922296792192
1973,12,0,0,4.62,0.46125039737157,32,2.4,0,1,0,1,0.299626561121982,6.51425626403079,0.954091313109364,31.7111652409467,3.0041,42.4832393792088,62.6978808051331
1974,1,0,0,5.87,0.584794568248063,64.1,14.7,0,1,0,1,0.18405011711019,6.41971152169029,0.951529303328878,31.7127160181548,3.0041,42.2721069602841,62.9090132240578
1974,2,0,0,5.31,0.527489470741021,62.8,21.2,0,1,0,1,0.118585419098231,6.33560902444448,0.945173677331702,31.7093282175895,3.0041,42.1127963384639,63.068323845878
1974,3,0,0,5.27,0.523517144906571,39.5,42.1,0,1,0,1,0.0766591712941595,6.25322929170774,0.936565623761789,31.7030601359226,3.0041,41.9736142226863,63.2075059616556
1974,4,0,0,7.1,0.721531934277876,15.9,76.4,-41.4,0.313470334793832,1,0.6,0.0684620667115365,6.23205001549975,0.934034982971577,31.7010952456948,3.0041,41.9397423108777,63.2413778734643
1974,5,0,0,10.4,1.15667339713408,32.5,114.8,-44.9444,0.2,1,0.6,0.0609840577425269,6.21046215293332,0.931364556303267,31.6989663584132,3.0041,41.9058771253923,63.2752430589496
1974,6,0,0,13.39,1.62396686942934,68.4,124.3,-44.9444,0.2,1,0.6,0.0518427860884355,6.1802789829955,0.927503293358705,31.695795678737,3.0041,41.8595207411796,63.3215994431623
1974,7,0,0,14.87,1.87577704392631,41.4,145.6,-44.9444,0.2,1,0.6,0.0429758396936428,6.14559817837646,0.922903370767874,31.6919036399595,3.0041,41.8074810287975,63.3736391555445
1974,8,1.9567,0,14.86,1.8740367595729,109.8,107.4,-15.6944,1,1,0.6,1.1716820280536,6.77710322722766,0.899265771026332,31.669790692036,3.0041,43.5219417183436,63.6158784659984
1974,9,0,0,12.08,1.41177902174175,108.9,62.1,0,1,0,1,0.361301614990512,6.5420808162645,0.953040113639303,31.7373549038069,3.0041,42.5978774487013,64.5399427356407
1974,10,0,0,7.09,0.720361357154955,90.3,37.2,0,1,0,1,0.198226829221995,6.42531880213854,0.952187669161495,31.741732686634,3.0041,42.3215659871561,64.8162541971859
1974,11,0,0,6.72,0.677720650615925,121.5,14.8,0,1,0,1,0.112690460036856,6.31737157925738,0.944266320963302,31.7374986568562,3.0041,42.1159270171137,65.0218931672282
1974,12,0,0,7.76,0.800865336677423,33.7,17.5,0,1,0,1,0.0578155047348072,6.19214528206428,0.930389140152472,31.7266403191194,3.0041,41.9110902460709,65.226729938271
1975,1,0,0,6.65,0.669801375032487,63.4,17.3,0,1,1,0.6,0.0413617400516733,6.1302441523671,0.922271706000285,31.7197441707284,3.0041,41.8177217691474,65.3200984151945
1975,2,0,0,3.92,0.399049328562472,33.4,18,0,1,1,0.6,0.033880229237327,6.09365970689342,0.917215698354795,31.7153174125551,3.0041,41.7641730470407,65.3736471373012
1975,3,0,0,4.47,0.447495798490835,106.3,42.1,0,1,1,0.6,0.0270878079814234,6.05289337393642,0.911432648606397,31.7101229732223,3.0041,41.7056368037465,65.4321833805954
1975,4,0.262,0,8.3,0.868754071811216,71.2,74.2,0,1,1,0.6,0.172176306835453,6.08189554854772,0.9000627724868,31.6994779309287,3.0041,41.8577125587987,65.5421076255432
1975,5,0.262,0,9.49,1.02741013225947,62.2,107.6,-18.5,1,1,0.6,0.257641148903209,6.09625267204663,0.892958754048407,31.6938096850751,3.0041,41.9447622600733,65.7170579242686
1975,6,0.262,0,13.95,1.71783692073746,34.1,117.2,-44.9444,0.2,1,0.6,0.371607809953003,6.17228398359612,0.892364131186705,31.6940422770549,3.0041,42.1343982017907,65.7894219825512
1975,7,0.262,0,17.42,2.33421531552587,29.9,144.1,-44.9444,0.2,1,0.6,0.44887879431855,6.23658024684558,0.893891658906486,31.697057583258,3.0041,42.2805082833287,65.9053119010133
1975,8,0.262,0,18.5,2.53584286492207,9.8,115,-44.9444,0.2,1,0.6,0.502968778908194,6.29668289696571,0.897266753911172,31.7023643543392,3.0041,42.4033827841243,66.0444374002176
1975,9,1.3098,0,13.59,1.65728553614167,93.8,69.2,-3.0444,1,1,0.6,0.99266100616774,6.6788375165227,0.904356127319914,31.7142495228481,3.0041,43.2942041728585,66.4634160114835
1975,10,0,0,9.8,1.0706987845671,26.4,28,0,1,1,0.6,0.581167975753339,6.57242894207302,0.932392701553194,31.7500796660121,3.0041,42.8401692853917,66.9174508989503
1975,11,0,0,5.48,0.544552348819847,34.8,6.9,0,1,1,0.6,0.442643035175334,6.51896213116521,0.93880468669985,31.7598155042057,3.0041,42.6643253572461,67.0932948270959
1975,12,0,0,4.14,0.418052423080264,32.4,5.6,0,1,1,0.6,0.359149035859261,6.47821101674474,0.941266221575432,31.7645301751659,3.0041,42.5472564493454,67.2103637349966
1976,1,0,0,5.34,0.530479345605803,24.1,15.8,0,1,1,0.6,0.27547524540242,6.42686720677273,0.942071509529334,31.7678045393376,3.0041,42.4163185010421,67.3413016832998
1976,2,0,0,4.19,0.422441207806147,16.9,18.1,0,1,1,0.6,0.223023504511824,6.3862713596205,0.941207478209245,31.7686830879595,3.0041,42.3232854303011,67.4343347540409
1976,3,0,0,4.49,0.44931636249125,18.7,46.1,-15.875,1,1,0.6,0.178148769701528,6.34337423658771,0.939164617519641,31.7682758803104,3.0041,42.2330635041193,67.5245566802227
1976,4,0,0,7.8,0.805803296863316,15.7,80.2,-44.9444,0.2,1,0.6,0.164356632685479,6.32805822097102,0.938178557511336,31.7678467986449,3.0041,42.2025402098128,67.5550799745292
1976,5,0,0,12.3,1.44664836206268,27.7,123.4,-44.9444,0.2,1,0.6,0.142219810237473,6.30065430454901,0.93615674564843,31.766748737074,3.0041,42.1498795975089,67.6077405868331
1976,6,0,0,17.34,2.3194356737283,14.2,132.9,-44.9444,0.2,1,0.6,0.112779011421544,6.25696459694388,0.932337512053725,31.7642276907988,3.0041,42.0704088112179,67.6872113731241
1976,7,0,0,18.35,2.50761729804826,23.7,134.7,-44.9444,0.2,1,0.6,0.0877655033407311,6.21007098697061,0.927543835937729,31.7606387448087,3.0041,41.9901190710578,67.7675011132842
1976,8,2.1775,0,16.89,2.23673475330551,7,111.6,-44.9444,0.2,1,0.6,1.35533570529093,7.06087913992572,0.922808702492169,31.7568313757828,3.0041,44.0999549234916,67.8351652608504
1976,9,0,0,13.38,1.62230707726619,92.6,70.7,-5.36940000000001,1,0,1,0.350682722865943,6.78023587309919,0.991773979952429,31.8445134221162,3.0041,42.9713059980338,68.9638141863082
1976,10,0,0,10.8,1.21554271659764,108,40.4,0,1,0,1,0.127348780752481,6.57729339767227,0.984177942016653,31.8464390454951,3.0041,42.5393591659365,69.3957610184055
1976,11,0,0,5.96,0.594296992900492,50.3,6.9,0,1,1,0.6,0.0946116984751467,6.51892097806686,0.978224345644669,31.8429669660203,3.0041,42.438823988207,69.496296196135
1976,12,0,0,1.59,0.228586402996567,97.7,-1.1,0,1,1,0.6,0.0843932928162197,6.49660720415106,0.975678828759634,31.8413305331945,3.0041,42.4021098589214,69.5330103254206
1977,1,0,0,2.54,0.291311285324799,64.5,4.6,0,1,0,1,0.0662031817849423,6.44946569829806,0.969983544702629,31.8373938522886,3.0041,42.3271462770742,69.6079739072678
1977,2,0,0,5.09,0.505842566450352,104.6,19.6,0,1,0,1,0.0434318504360635,6.36841888298566,0.959394437809178,31.8293761694135,3.0041,42.2047213406444,69.7303988436976
1977,3,0,0,6.72,0.677720650615925,51.9,48.1,0,1,0,1,0.0246906799907024,6.26142759527968,0.944342444554905,31.8169819849454,3.0041,42.0515427047707,69.8835774795713
1977,4,0,0,6.86,0.693700833707207,33.1,79.6,-26.6,0.787277172325916,1,0.6,0.0187906316419174,6.21034336703244,0.936771229558777,31.8105227113833,3.0041,41.9805279396164,69.9545922447256
1977,5,0,0,9.85,1.07775399083792,35.1,104.5,-44.9444,0.2,1,0.6,0.0168707782829073,6.19029612644235,0.93374516204741,31.8079088462932,3.0041,41.9529209130658,69.9821992712762
1977,6,0,0,11.7,1.35231754577444,80,115.1,-44.9444,0.2,1,0.6,0.0147368516997085,6.16523326204878,0.929941656903676,31.8045819513427,3.0041,41.9185937219949,70.0165264623471
1977,7,0,0,15.49,1.98462526522391,5.9,132.2,-44.9444,0.2,1,0.6,0.0120840783650838,6.1286352869665,0.924359209041283,31.799613147585,3.0041,41.8687917219579,70.0663284623842
1977,8,1.4073,0,14.88,1.87751782709988,154.9,102.3,0,1,1,0.6,0.835314699407346,6.53515527804635,0.898655424598215,31.7749821876756,3.0041,43.0482075897275,70.2942125946145
1977,9,0,0,13.33,1.61401696961053,17.4,69.6,-24.9890864,0.838848920863309,0,1,0.270303358517829,6.31765565039638,0.927775802608156,31.8132498671993,3.0041,42.3330846787217,71.0093355056203
1977,10,0,0,11.47,1.31681191431889,28.2,33.8,-22.1390864,0.930088751063744,0,1,0.0974089654716102,6.12714806372863,0.917138317978554,31.8068384401239,3.0041,41.9526337873027,71.3897863970394
1977,11,0,0,6.27,0.627641500329204,56.7,17.7,0,1,0,1,0.0577361602174974,6.03175710238374,0.906341625122202,31.7974410726806,3.0041,41.797375960404,71.545044223938
1977,12,0,0,5.76,0.573290046362615,59.3,9,0,1,0,1,0.0358069484539399,5.94592499755437,0.895151796487074,31.7869622562604,3.0041,41.6679459987558,71.6744741855862
1978,1,0,0,2.68,0.301340277925542,71,11.3,0,1,0,1,0.0278553505217697,5.90129963406956,0.888921454399015,31.7809605301034,3.0041,41.6031369690938,71.7392832152483
1978,2,0,0,2.43,0.283573561545197,52.6,16.4,0,1,0,1,0.0219927700643237,5.85961126628192,0.88294243804646,31.7750738246938,3.0041,41.5437202990865,71.7986998852555
1978,3,0,0,6.61,0.665297345735876,64.8,46.2,0,1,0,1,0.0126328341712205,5.76295769096778,0.868842243568142,31.7605491700556,3.0041,41.4090819387628,71.9333382455793
1978,4,0,0,6.19,0.618945706972116,49.9,72.2,-4.25000000000001,1,1,0.6,0.00927039934224505,5.70970092751502,0.860838102938555,31.7521223119693,3.0041,41.3360317417652,72.0063884425769
1978,5,0,0,10.75,1.20811776993034,53.7,92.9,-20.225,0.99136626619531,1,0.6,0.0050935898462752,5.60804030795784,0.845535451679291,31.7353135966488,3.0041,41.1980829461322,72.1443372382098
1978,6,0,0,13.5,1.64226330674335,53.9,119.7,-44.9444,0.2,1,0.6,0.00432216539543651,5.58047862256422,0.841298254663711,31.7306181317259,3.0041,41.1608171743492,72.1816030099928
1978,7,0,0,14.87,1.87577704392631,64.1,124.9,-44.9444,0.2,1,0.6,0.00358292254677116,5.54916361407958,0.836481032287822,31.7252128291589,3.0041,41.1185403980731,72.223879786269
1978,8,1.8485,0,14.9,1.88100088751936,44.2,105.4,-44.9444,0.2,1,0.6,1.09395326518228,6.27545315541137,0.831672807735489,31.7197508437275,3.0041,42.9249300720566,72.2659901122855
1978,9,0,0,14.42,1.79796717361778,30.1,74.2,-44.9444,0.2,0,1,0.810695131972705,6.21929068548003,0.85356944201775,31.7455703723974,3.0041,42.6332256318679,72.5576945524741
1978,10,0,0,11.51,1.32296013184803,2.8,37.4,-44.9444,0.2,0,1,0.650277185971821,6.17828708219602,0.864445682796141,31.758818159566,3.0041,42.45592811053,72.7349920738121
1978,11,0,0,8,0.830712296427717,26,26.2,-38.5944,0.403288744481671,0,1,0.491871717679136,6.12675740724911,0.873470665683467,31.7702118788012,3.0041,42.2664116694129,72.9245085149292
1978,12,0,0,3.72,0.382209342562282,107,14.5,0,1,0,1,0.357705549521249,6.0684936146078,0.878822630213336,31.7775929750892,3.0041,42.0867147694316,73.1042054149105
1979,1,0,0,-0.86,0.108085196230672,60.4,-1.6,0,1,0,1,0.326895047506605,6.05211789115879,0.879536192694255,31.7788213815578,3.0041,42.0414705129174,73.1494496714246
1979,2,0,0,0.66,0.176029506330064,53.9,9.1,0,1,0,1,0.282293668987661,6.0255426263165,0.880128373515266,31.7801425992119,3.0041,41.9722072680313,73.2187129163107
1979,3,0,0,4.53,0.452969849657592,127.3,37.8,0,1,0,1,0.19353783706714,5.95769279704364,0.879081303930473,31.7803524012872,3.0041,41.8147643393285,73.3761558450136
1979,4,0,0,7.68,0.791033505937277,86.8,70.8,0,1,1,0.6,0.13031521949273,5.88741951611413,0.874902811985059,31.7769077921123,3.0041,41.6736453397042,73.5172748446379
1979,5,0,0,10.65,1.1933243125955,103.5,101.3,0,1,1,0.6,0.0717576252666718,5.78297308068919,0.865033656559906,31.7670840210463,3.0041,41.4909483835621,73.69997180078
1979,6,0,0,13.73,1.68074609517909,43.2,113.7,-42.075,0.291860901325308,1,0.6,0.0561497421700754,5.74057720252763,0.86005690400575,31.7619685271606,3.0041,41.4228523758641,73.768067808478
1979,7,0,0,16.08,2.08985857894776,13.9,124.1,-44.9444,0.2,1,0.6,0.0455602775930888,5.70469880766447,0.855563694343741,31.7572513804232,3.0041,41.3671741600246,73.8237460243175
1979,8,1.8485,0,15.24,1.94051321157481,70,103.9,-44.9444,0.2,1,0.6,1.12850885692763,6.42910045718515,0.851234393042408,31.752627647805,3.0041,43.1655713549602,73.8738488293819
1979,9,0,0,13.49,1.64059707194784,15.4,62.7,-44.9444,0.2,0,1,0.858528261402557,6.37657835379401,0.872194002799434,31.77774447162,3.0041,42.8891450896161,74.150275094726
1979,10,0,0,10.72,1.20367181476051,81.1,28.3,0,1,0,1,0.314869968023751,6.18755396789156,0.903166998218477,31.8160058900603,3.0041,42.2256968241941,74.8137233601479
1979,11,0,0,6.51,0.654105148271022,46.3,15.8,0,1,0,1,0.182558766629306,6.08719400626159,0.901746462659342,31.8171371724428,3.0041,41.9927364079931,75.046683776349
1979,12,0,0,5.63,0.559849707873389,130.9,21.7,0,1,0,1,0.114494948817327,6.00258961453275,0.895770441796436,31.8125462094116,3.0041,41.8295012145581,75.2099189697839
1980,1,0,0,1.95,0.251267841301059,33.1,2.9,0,1,1,0.6,0.100977405736694,5.98000832987425,0.893620265732362,31.8107129118997,3.0041,41.789418913243,75.2500012710991
1980,2,0,0,5.56,0.55268278801589,47,20.8,0,1,1,0.6,0.0765968070325975,5.93063754536683,0.888421830842453,31.8059934166805,3.0041,41.7057495999223,75.3336705844197
1980,3,0,0,4.74,0.472420606182534,78.7,37.1,0,1,1,0.6,0.0604819569992096,5.8887597692797,0.883519563857134,31.8013493936268,3.0041,41.6382106837628,75.4012095005792
1980,4,0,0,8.03,0.834480002892466,21.6,64.8,-27,0.774471582122346,1,0.6,0.0437812027844369,5.83194867615571,0.876360402630768,31.794285097496,3.0041,41.5504753790669,75.4889448052751
1980,5,0,0,10.21,1.1291411135064,30.6,90.2,-44.9444,0.2,1,0.6,0.0391065688337335,5.81222681908729,0.873734384333612,31.7916613891044,3.0041,41.520829161359,75.5185910229831
1980,6,0,0,14.23,1.76543066665158,92.3,118,-41.1444,0.321653106933913,1,0.6,0.0294402364153478,5.76292943020737,0.867014184677875,31.7847661535878,3.0041,41.4482500048884,75.5911701794537
1980,7,0,0,14.41,1.7962499568497,113.2,113.7,-13.2194,1,1,0.6,0.0119919710395458,5.60972768694229,0.845401296068688,31.7609303912912,3.0041,41.2321513453417,75.8072688390003
1980,8,2.1361,0,15.93,2.06295842656029,123.6,110.6,0,1,1,0.6,1.26500110898032,6.31417026113384,0.82030750961298,31.731332220518,3.0041,43.1349111002452,76.0406090840969
1980,9,0,0,14.82,1.86708062230869,22.4,74.3,-24.9890864,0.838848920863309,0,1,0.342976800151172,6.07171675510705,0.886593401574908,31.8059035957688,3.0041,42.111290552602,77.0642296317401
1980,10,0,0,8.82,0.93658406247721,81.3,27.6,0,1,1,0.6,0.214727713270273,5.98701304218646,0.887094167021682,31.808392249551,3.0041,41.9013271720294,77.2741930123126
1980,11,0,0,5.98,0.596419571550935,50.4,20.9,0,1,1,0.6,0.159359234433975,5.93369034179492,0.884575326053848,31.8067655856482,3.0041,41.788490487931,77.3870296964111
1980,12,0,0,5.01,0.498092974216899,30.2,17.2,0,1,1,0.6,0.12422749262749,5.88952260250303,0.881318547897509,31.8040326073314,3.0041,41.7032012503594,77.4723189339826
1981,1,0,0,4.31,0.433079763707518,30.6,10.8,0,1,1,0.6,0.100040451666559,5.85138710858913,0.877840990986091,31.8008603995223,3.0041,41.6342289507641,77.541291233578
1981,2,0,0,2.56,0.292731581541387,15.7,14.2,0,1,1,0.6,0.0864191098426676,5.8257501483523,0.875210649974197,31.798371789268,3.0041,41.5898516974372,77.5856684869048
1981,3,0,0,8.04,0.835737714849655,102.8,65.9,0,1,1,0.6,0.0569025395907902,5.75317402161578,0.866939032087159,31.7900460644224,3.0041,41.4711616577161,77.7043585266259
1981,4,0,0,7.26,0.740389848814092,70.9,60.5,0,1,1,0.6,0.0392968769287747,5.68963363497142,0.858812620861685,31.7815423344932,3.0041,41.3733854672551,77.8021347170869
1981,5,0,0,11.22,1.27864358704947,62.8,93.7,-7.47500000000001,1,1,0.6,0.0207350033390242,5.58154826488976,0.843988378519057,31.7651836948015,3.0041,41.2155553415493,77.9599648427927
1981,6,0,0,13.32,1.61236072302589,34.2,115.9,-44.9444,0.2,1,0.6,0.0176473773880929,5.55461504890504,0.840067784884195,31.7608269708114,3.0041,41.1772571819887,77.9982630023533
1981,7,0,0,15.88,2.0540134424579,43.8,116.5,-44.9444,0.2,1,0.6,0.0143706199077565,5.5204925271197,0.835049217465071,31.7551696010415,3.0041,41.129181965534,78.046338218808
1981,8,2.8625,0,16.2,2.11144812479518,53,95.8,-44.9444,0.2,1,0.6,1.70108277027197,6.6586868447562,0.829867647610103,31.7492457780746,3.0041,43.9429830407128,78.0950371436292
1981,9,0,0,14.66,1.83933674575755,71.5,71.7,-27.2194,0.767447715895688,0,1,0.524628956955933,6.42780058835472,0.925205194296098,31.8593290247373,3.0041,42.741063764344,79.296956419998
1981,10,0,0,8.38,0.879034519226459,79.3,25.5,0,1,0,1,0.252184887246472,6.28808493221035,0.93274049591447,31.8727941717497,3.0041,42.3499044871209,79.6881156972211
1981,11,0,0,7.12,0.723875933240848,33.8,19.1,0,1,1,0.6,0.175602783322131,6.22017737402009,0.930040728449299,31.8724075551125,3.0041,42.2023284409041,79.8356917434379
1981,12,0,0,-0.21,0.1345076857852,46.9,-0.8,0,1,1,0.6,0.164181198783774,6.20764010101366,0.929219655139666,31.8719923246388,3.0041,42.1771332795759,79.860886904766
1982,1,0,0,2.05,0.257803025310359,41.8,15.1,0,1,0,1,0.132440678284227,6.16776004410125,0.926163590333493,31.8700710425279,3.0041,42.1005353552468,79.9374848290952
1982,2,0,0,4.48,0.448405565389101,25.6,20.7,0,1,0,1,0.0911460832315412,6.09900469439843,0.919541072132448,31.8649736101964,3.0041,41.9787654599588,80.0592547243832
1982,3,0,0,5.9,0.587953093463091,90.2,45.1,0,1,0,1,0.0558406790155713,6.01001212296367,0.909109166094049,31.8558661968388,3.0041,41.8349281649121,80.2030920194299
1982,4,0,0,8.09,0.842039825545496,27.2,71,-26.05,0.804884858855824,1,0.6,0.0397905746073506,5.9492227994532,0.90108036111289,31.848462187081,3.0041,41.7426559222544,80.2953642620876
1982,5,0,0,11.23,1.28016170962331,44,96.8,-44.9444,0.2,1,0.6,0.0350093053876483,5.9264187151656,0.897913474315532,31.8454910335989,3.0041,41.7089325284677,80.3290876558743
1982,6,0,0,15.8,2.03972435032792,105.9,126.3,-33.7694,0.557756176312233,1,0.6,0.019821743013436,5.8261422295638,0.883655086756029,31.8313833794721,3.0041,41.5651024388054,80.4729177455366
1982,7,0,0,16.39,2.14575519860196,27.7,116.9,-44.9444,0.2,1,0.6,0.0159938447856434,5.78875825900112,0.8780864589989,31.8257759298687,3.0041,41.5127144926544,80.5253056916876
1982,8,2.1299,0,16.32,2.13309831064502,44.6,109.2,-44.9444,0.2,1,0.6,1.26998849971273,6.62466558283413,0.87252096834672,31.8200782710481,3.0041,43.5913533219417,80.5765668624003
1982,9,0,0,14.24,1.76713831446161,31.5,64.9,-44.9444,0.2,0,1,0.945997637467455,6.56638991302543,0.898298619906473,31.8513189270196,3.0041,43.2661050974189,80.9018150869231
1982,10,0,0,10.09,1.11189783871606,108.5,24.3,0,1,0,1,0.374524993629418,6.38637461823471,0.933026571726109,31.8956719876678,3.0041,42.593698171258,81.5742220130839
1982,11,0,0,7.83,0.809516386127589,79.7,22.4,0,1,0,1,0.190768671674373,6.25842681075088,0.932681715090799,31.8999591696756,3.0041,42.2859363671917,81.8819838171503
1982,12,0,0,4.09,0.413689511794302,52.7,8.5,0,1,0,1,0.1351412180225,6.19403422811494,0.928308787529186,31.8974694626104,3.0041,42.1590536962771,82.0088664880649
1983,1,0,0,6.63,0.667547424247573,40.7,48.9,0,1,0,1,0.0774808470454583,6.09152171702007,0.918190113463691,31.8894071398063,3.0041,41.9806998173355,82.1872203670064
1983,2,0,0,1.33,0.213022717665673,28.6,13.5,0,1,0,1,0.0648782112651453,6.05916713398233,0.91431967426525,31.8860986077543,3.0041,41.9285636272671,82.2393565570749
1983,3,0,0,6.32,0.633108293173397,37.8,41.7,0,1,0,1,0.038279771416836,5.96401938164509,0.902051334236464,31.8748000189237,3.0041,41.7832505062221,82.3846696781199
1983,4,0,0,6.92,0.700607069798201,97.2,62.6,0,1,1,0.6,0.0269671122924784,5.90167105589891,0.893316893700609,31.8664242994841,3.0041,41.6924793613761,82.4754408229659
1983,5,0,0,10.13,1.11763299235227,119,80.2,0,1,1,0.6,0.0154221002854882,5.80355723388405,0.879067579961742,31.8520743813896,3.0041,41.5542212955209,82.6136988888211
1983,6,0,0,14.41,1.7962499568497,23.6,123.8,-44.9444,0.2,1,0.6,0.0128864525351854,5.7723674280979,0.874365733651237,31.8472757993847,3.0041,41.510995413669,82.656924770673
1983,7,0,0,19.25,2.67793803648854,58.9,153.1,-44.9444,0.2,1,0.6,0.00985898049120697,5.726179083919,0.867361357000047,31.8399829647547,3.0041,41.447482386165,82.7204377981771
1983,8,1.9398,0,17.35,2.32128188270068,17.5,104.6,-44.9444,0.2,1,0.6,1.15268659829469,6.4813714208309,0.861281409342373,31.8335476606234,3.0041,43.3329870890914,82.7747330952506
1983,9,0,0,14.03,1.73139136590292,74,69.7,-23.2194,0.895503617931386,0,1,0.316649233507107,6.23494929127162,0.916728986697869,31.8991287775272,3.0041,42.3715562890038,83.7361638953382
1983,10,0,0,10.33,1.14649726097639,45.2,36.2,-5.1694,1,0,1,0.121799988173884,6.0587773037065,0.910428781409909,31.8966018560072,3.0041,41.9917079292975,84.1160122550446
1983,11,0,0,7.27,0.741576488366843,39.7,19.3,0,1,0,1,0.0656540868699072,5.9474859594847,0.898827066950355,31.8862982172675,3.0041,41.8023653305724,84.3053548537696
1983,12,0,0,5.34,0.530479345605803,45,16.6,0,1,0,1,0.0421963502304116,5.86913121607002,0.888861426901642,31.8767607009217,3.0041,41.6810496941237,84.4266704902183
1984,1,0,0,3.68,0.378891179152261,73,9.2,0,1,0,1,0.0307715659634,5.81379963669948,0.881251213913827,31.869223008355,3.0041,41.5991454249317,84.5085747594103
1984,2,0,0,3.16,0.337268143395025,44.5,18.3,0,1,0,1,0.0232320849310562,5.76498548389217,0.874272779709306,31.862134897961,3.0041,41.5287252464935,84.5789949378485
1984,3,0,0,4.53,0.452969849657592,48.5,38.2,0,1,0,1,0.0159276950285174,5.70006962401023,0.864762451057177,31.8521785554978,3.0041,41.4370383255937,84.6706818587483
1984,4,0,0,7.43,0.760690365810071,8.7,54.8,-32.4,0.601596114374154,1,0.6,0.0126701044165652,5.66107590843517,0.858912391835036,31.8459534069,3.0041,41.3827118115867,84.7250083727553
1984,5,0,0,9.03,0.964642827611694,87.6,87.8,-10.65,1,1,0.6,0.00782187129321065,5.57975194757587,0.84665327899522,31.8324486794274,3.0041,41.2707757772917,84.8369444070503
1984,6,0,0,14.26,1.77055521975671,48.9,115.5,-44.9444,0.2,1,0.6,0.00655264182087278,5.55019274456852,0.842109364807374,31.8273910467611,3.0041,41.2303457979579,84.8773743863841
1984,7,0,0,16.57,2.17839333789987,12.1,121.3,-44.9444,0.2,1,0.6,0.00526999264002119,5.51403949852856,0.836541031488968,31.8211020919135,3.0041,41.181052614571,84.926667569771
1984,8,1.9398,0,17.46,2.3416136346057,68.5,110,-44.9444,0.2,1,0.6,1.14903975803803,6.27037002477078,0.830582938838205,31.8142689529011,3.0041,43.0683616745481,84.9791585097939
1984,9,0,0,13.64,1.66565142419928,88.8,69.5,-8.2694,1,0,1,0.286758106547743,6.01462547557622,0.888198377989589,31.8790619430064,3.0041,42.07274390312,85.974776281222
1984,10,0,0,11.43,1.31067501698096,48.4,38.4,0,1,0,1,0.0961981229213462,5.82073886822637,0.878982902090722,31.8711990153409,3.0041,41.6712189085793,86.3763012757627
1984,11,0,0,8.1,0.843302954339531,104.7,21.5,0,1,0,1,0.0476392681976939,5.6993072543524,0.865088398630892,31.8568903842319,3.0041,41.4730253054128,86.5744948789292
1984,12,0,0,5.31,0.527489470741021,49.2,3.7,0,1,0,1,0.0306944797072546,5.62464253288591,0.855059643472085,31.8461622905877,3.0041,41.360658946653,86.6868612376891
1985,1,0,0,0.27,0.156523015090812,48.8,5.3,0,1,1,0.6,0.028383878251525,5.61145223321529,0.853190782067883,31.8441554855453,3.0041,41.34128237908,86.706237805262
1985,2,0,0,1.31,0.211853717894209,19.8,15,0,1,1,0.6,0.0255310270053155,5.59364843143397,0.850644797405041,31.8413988743829,3.0041,41.3153231302272,86.7321970541148
1985,3,0,0,4.62,0.46125039737157,36.2,34.1,0,1,1,0.6,0.0202725805086198,5.55508091646916,0.845066538475905,31.835251612579,3.0041,41.2597716480327,86.7877485363093
1985,4,0,0,8.44,0.886782108570419,20.5,79.3,-38.975,0.391104225402974,1,0.6,0.0170450040690464,5.52625640936601,0.840820745080261,31.8305174051121,3.0041,41.2187395636275,86.8287806207146
1985,5,0,0,10.53,1.17567220836429,71.3,95.3,-39.15,0.385501779688913,1,0.6,0.0135887912480325,5.48881436770541,0.835247921280327,31.8242051719359,3.0041,41.1659562521696,86.8815639321724
1985,6,0,0,12.61,1.49631998654184,117.3,106.8,-1.94999999999999,1,1,0.6,0.00643071215206752,5.36699128957453,0.817099093257018,31.8025566106638,3.0041,40.9971777056475,87.0503424786946
1985,7,0,0,16.23,2.11685502472908,76.7,120.7,-15.775,1,1,0.6,0.00223146378140506,5.1992513541277,0.791959294335252,31.770513942154,3.0041,40.7680560543984,87.2794641299436
1985,8,0,0,15.1,1.91594005177749,49.9,98.5,-39.75,0.366293394383558,1,0.6,0.00157107434552685,5.14480620591394,0.78356290295369,31.7596522746694,3.0041,40.6936924578826,87.3538277264595
1985,9,2.5933,0,14.72,1.84972548951699,23.2,65.6,-39.75,0.366293394383558,0,1,1.53145893674466,6.1211288699478,0.770348658527741,31.74194263203,3.0041,43.1689790972502,87.4718410870918
1985,10,0,0,10.85,1.22298637439525,28.6,36.2,-38.3,0.412713658871498,0,1,1.00561723454571,6.04437420435424,0.815531539417868,31.7930516015578,3.0041,42.6626745798756,87.9781456044664
1985,11,0,0,3.59,0.371486082434239,43.3,4,0,1,1,0.6,0.835152008576429,6.01078685709392,0.828603956331426,31.8082537077903,3.0041,42.4868965297921,88.1539236545499
1985,12,0,0,6.74,0.679991986838766,102.4,24.5,0,1,1,0.6,0.594438796362475,5.9497891670227,0.845038947078642,31.8275092067702,3.0041,42.220876117234,88.419944067108
1986,1,0,0,3.36,0.352944386009142,80.7,7.8,0,1,1,0.6,0.498271728640547,5.91837323072136,0.850396188644394,31.8340537722221,3.0041,42.1051949202284,88.5356252641136
1986,2,0,0,-2.5,0.0574234188818444,26.4,7.2,0,1,1,0.6,0.484168922190874,5.91327762721181,0.851092902771977,31.8349336296947,3.0041,42.0875730818694,88.5532471024726
1986,3,0,0,5.22,0.51857454087302,58.5,40.4,0,1,1,0.6,0.373585385735925,5.86745893284468,0.855743011467641,31.8408401945807,3.0041,41.941727524629,88.6990926597131
1986,4,0,0,5.99,0.597482349147767,76.7,58.2,0,1,1,0.6,0.277107471198199,5.81510832528056,0.857841950382379,31.8438985014013,3.0041,41.7980562482625,88.8427639360795
1986,5,0,0,11.47,1.31681191431889,68,112.7,-16.525,1,1,0.6,0.143451852528085,5.70137421239829,0.854559611205294,31.8409636783052,3.0041,41.5444493544369,89.0963708299051
1986,6,0,0,14.78,1.86013251397851,16.2,118.4,-44.9444,0.2,1,0.6,0.119102707017498,5.66964688564048,0.852116083503275,31.8384923169153,3.0041,41.4834579930765,89.1573621912655
1986,7,0,0,16.32,2.13309831064502,47.9,129.1,-44.9444,0.2,1,0.6,0.0962237659044768,5.63348098461191,0.848818101385935,31.8350248900644,3.0041,41.4176477419667,89.2231724423753
1986,8,3.0219,0,14.32,1.78081876936718,103.1,100,-16.8444,1,1,0.6,1.82302404955947,6.72336457113746,0.831993240932615,31.8155023199389,3.0041,44.1979841815685,89.4647360027736
1986,9,0,0,11.13,1.26501308585351,28.5,46.2,-22.9944,0.902706762420894,0,1,0.703901720087295,6.53413721287723,0.925993518509228,31.924811619193,3.0041,43.0929440706668,90.5697761136752
1986,10,0,0,10.9,1.23044866753122,74.5,29.1,0,1,0,1,0.252463038205224,6.33619921702165,0.944411880857292,31.9521613029958,3.0041,42.48933543908,91.173384745262
1986,11,0,0,7.8,0.805803296863316,67.9,17.3,0,1,1,0.6,0.168740698160754,6.26007425363892,0.941066069982159,31.9515891804447,3.0041,42.3255702022265,91.3371499821156
1986,12,0,0,5.77,0.574330922073369,67.5,17.6,0,1,1,0.6,0.126620920539655,6.20637557855081,0.936831894759444,31.9490137955604,3.0041,42.2229421894103,91.4397779949317
1987,1,0,0,-0.04,0.142056865215038,18.3,0.5,0,1,0,1,0.112484678827926,6.18437321503533,0.93473707563913,31.9475503395567,3.0041,42.1832453090591,91.4794748752829
1987,2,0,0,3.54,0.367408507265661,28.8,22.5,0,1,0,1,0.0828178210346023,6.12782851683905,0.928721360708742,31.9428825190267,3.0041,42.0863502176091,91.576369966733
1987,3,0,0,3.87,0.394800415181407,48.1,39.4,0,1,0,1,0.0595992459493414,6.0676442838563,0.921445198935682,31.936747695288,3.0041,41.9895364240293,91.6731837603128
1987,4,0,0,10.3,1.14214769840473,55.8,80.3,-4.425,1,1,0.6,0.0336687151692082,5.96457749669566,0.907694481647524,31.9241612094452,3.0041,41.8342019029576,91.8285182813844
1987,5,0,0,9.99,1.09761540296285,47.6,95.6,-28.525,0.725650269471236,1,0.6,0.0226085152539964,5.89374105065937,0.897482289144281,31.9143981632847,3.0041,41.7323300183423,91.9303901659997
1987,6,0,0,12.88,1.54008178974845,108.5,112.8,-4.62499999999998,1,1,0.6,0.0104676099373692,5.75914900788525,0.877498231074513,31.8940328463868,3.0041,41.5452476952839,92.1174724890582
1987,7,0,0,15.66,2.01478700835641,71.6,126.8,-28.125,0.738455859674807,1,0.6,0.00497472496383634,5.63204299578607,0.858083142437124,31.8731786414975,3.0041,41.3723795046845,92.2903406796576
1987,8,1.9732,0,15.48,1.98285517629387,47.5,101.7,-44.9444,0.2,1,0.6,1.16866258932421,6.40725722781059,0.852846320156766,31.8674902843105,3.0041,43.3003564216021,92.33556376274
1987,9,0,0,13.85,1.70094379839839,37.5,65.9,-44.9444,0.2,0,1,0.880178435786279,6.35299636931358,0.875415253636747,31.8944791698982,3.0041,43.0071692286348,92.6287509557073
1987,10,0,0,9.61,1.04407382642127,152.1,25.1,0,1,0,1,0.368729433610449,6.18931689961077,0.905986650992514,31.9322653678226,3.0041,42.4003983520363,93.2355218323057
1987,11,0,0,6.1,0.609238281726848,56.9,11.8,0,1,0,1,0.221930565455835,6.09576195404679,0.906968649642541,31.9360577448374,3.0041,42.1648189139826,93.4711012703595
1987,12,0,0,5.26,0.52252659627562,25,22.5,0,1,0,1,0.143584790390439,6.01664986256861,0.902770578586216,31.9334922210914,3.0041,42.0005974526367,93.6353227317054
1988,1,0,0,5.13,0.509741799716939,108.8,8.7,0,1,0,1,0.0938915977524513,5.94046289143337,0.895946165613969,31.9276617343304,3.0041,41.8620623891302,93.7738577952119
1988,2,0,0,4.59,0.458480958196767,30.7,27.2,0,1,0,1,0.064076227944547,5.87276189986211,0.888331633563901,31.9205253435056,3.0041,41.7497951048761,93.886125079466
1988,3,0,0,6.39,0.640802953040597,64.4,52,0,1,0,1,0.0375649327419467,5.77942941340913,0.876387519629694,31.9085442440305,3.0041,41.6060261098112,94.0298940745308
1988,4,0,0,7.89,0.816967242364047,28.1,73.2,-26.8,0.780874377224131,1,0.6,0.0273057303222388,5.72438848340407,0.868718601138894,31.9006243582542,3.0041,41.5251371731194,94.1107830112227
1988,5,0,0,11.71,1.35386964323046,55.7,108.3,-44.9444,0.2,1,0.6,0.0238482208663959,5.70118540882807,0.865375019169517,31.8971344685288,3.0041,41.4916431173928,94.1442770669493
1988,6,0,0,13.98,1.72291569634114,54.2,110.7,-44.9444,0.2,1,0.6,0.0200738515077378,5.67179344858283,0.861086940274859,31.8925976471666,3.0041,41.449651887532,94.1862682968101
1988,7,0,0,15.04,1.90543771073123,105.9,124.3,-32.2694,0.605777139575619,1,0.6,0.0112715600680772,5.57443693199305,0.846750406246545,31.8767561323135,3.0041,41.3133150306212,94.3226051537209
1988,8,1.9398,0,15.41,1.97047754310481,43,120.1,-44.9444,0.2,1,0.6,1.15412561754263,6.33651127143197,0.841757799173984,31.8711788055307,3.0041,43.2076734936792,94.3680466906628
1988,9,0,0,13.51,1.64393012353968,71.2,70.2,-26.3944,0.793859245690551,0,1,0.388991446637889,6.13311094396156,0.895147858371088,31.9330485057935,3.0041,42.354398754764,95.221321429578
1988,10,0,0,10.63,1.19037469197389,52.2,30.4,0,1,0,1,0.144254405452584,5.95328250442586,0.893913069009674,31.9349023792636,3.0041,41.9304523581517,95.6452678261903
1988,11,0,0,4.61,0.46032622293939,30.4,6.6,0,1,0,1,0.098295009670131,5.8851639146435,0.887962770441286,31.9296603967385,3.0041,41.8051820914935,95.7705380928486
1988,12,0,0,7.07,0.718023049813322,24.1,6.7,0,1,0,1,0.0540343912057821,5.78046435119616,0.876153638439752,31.9179730744117,3.0041,41.6327254552534,95.9429947290887
1989,1,0,0,5.91,0.589007925119567,33,6.3,0,1,0,1,0.0330751015545115,5.69596949684494,0.865008241871376,31.9063571888712,3.0041,41.5045100291421,96.0712101552
1989,2,0,0,5.63,0.559849707873389,59.2,23.7,0,1,0,1,0.0207436330203809,5.61680263702564,0.85380790207797,31.8942423860842,3.0041,41.3896965582082,96.1860236261339
1989,3,0,0,7.96,0.825701375106469,54.5,56.1,0,1,0,1,0.010424459063489,5.50204610326526,0.836978380413067,31.8751240736219,3.0041,41.2286730163637,96.3470471679783
1989,4,0,0,6.4,0.641906102730005,98.5,55.1,0,1,1,0.6,0.00756250002436875,5.44932337881215,0.828971330614815,31.8658643747957,3.0041,41.155821584247,96.419898600095
1989,5,0,0,12.92,1.54660377141296,29.2,124.1,-44.9444,0.2,1,0.6,0.00647883978907551,5.42409811203708,0.825095623812427,31.8613422689002,3.0041,41.1211148445387,96.4546053398033
1989,6,0,0,14.28,1.7739742672403,38.8,123,-44.9444,0.2,1,0.6,0.00542568426198406,5.39530815752468,0.82066296713882,31.8561108308034,3.0041,41.0816076397289,96.4941125446132
1989,7,0,0,18.03,2.44763384614399,40.1,132.4,-44.9444,0.2,1,0.6,0.00424771265019042,5.35583603825246,0.814583236660163,31.8488210449832,3.0041,41.0275880325461,96.548132151796
1989,8,1.9398,0,16.87,2.2330767558631,24.2,115.5,-44.9444,0.2,1,0.6,1.14826757244372,6.11500601554558,0.809059855848012,31.8421062348657,3.0041,42.918539678703,96.596980505639
1989,9,0,0,15.19,1.93172626977578,16.2,64,-44.9444,0.2,0,1,0.832185396614325,6.05622774252771,0.834070212381099,31.8709380646064,3.0041,42.5975214161295,96.9179987682125
1989,10,0,0,12.06,1.40862505891203,50.8,38.3,-22.8694,0.90670850935951,0,1,0.287065852968063,5.86590522254359,0.865103942202227,31.9060179980989,3.0041,41.9281930158128,97.5873271685293
1989,11,0,0,5.67,0.563967169009808,30.8,3.8,0,1,0,1,0.179421718011618,5.7837810754558,0.863766473206,31.9054893072956,3.0041,41.7365585739691,97.778961610373
1989,12,0,0,5.18,0.514638720379313,146.3,6.8,0,1,0,1,0.116847936464429,5.70984379045661,0.858814762698005,31.9006204673818,3.0041,41.5902269570008,97.9252932273412
1990,1,0,0,6.59,0.663051142682755,71,15.4,0,1,1,0.6,0.0838766971857669,5.65333648376633,0.853394099828116,31.8949322973954,3.0041,41.4896395781756,98.0258806061665
1990,2,0,0,7.64,0.786139697113145,96.2,37.8,0,1,1,0.6,0.056615227222957,5.58706331800729,0.845851868756593,31.886669710633,3.0041,41.3803001246198,98.1352200597222
1990,3,0,0,8.4,0.881613507984666,17.7,64.2,-30.45,0.664023366616556,1,0.6,0.0422486329227153,5.5382170895109,0.839660244885584,31.8797383303168,3.0041,41.303964297636,98.211555886706
1990,4,0,0,7.52,0.771547063627212,28.7,81.5,-44.9444,0.2,1,0.6,0.0391115292813789,5.52541292834749,0.837955659075667,31.8778249040303,3.0041,41.2844050207349,98.2311151636072
1990,5,0,0,11.99,1.39760736065611,3.2,123.3,-44.9444,0.2,1,0.6,0.0340100664887117,5.50229435491036,0.834829259242155,31.8742775053213,3.0041,41.2495111859625,98.2660089983795
1990,6,0,0,13.69,1.67403164718773,36.6,119.9,-44.9444,0.2,1,0.6,0.0287677045824807,5.47473058213862,0.83102131271166,31.8699056111754,3.0041,41.2085252106081,98.3069949737339
1990,7,0,0,16.73,2.20751396818693,29.3,156,-44.9444,0.2,1,0.6,0.0230692830017576,5.43859374039083,0.825922838561359,31.8639631774973,3.0041,41.1556490394512,98.3598711448908
1990,8,0,0,18.5,2.53584286492207,24.3,130.4,-44.9444,0.2,1,0.6,0.0179020942992862,5.39737646259078,0.819984600108826,31.8569279883475,3.0041,41.0962911453464,98.4192290389956
1990,9,2.5933,0,13.12,1.57936116022895,31.4,78.5,-44.9444,0.2,0,1,1.54432462822334,6.41765661568317,0.813758030678863,31.84943038641,3.0041,43.6292696609954,98.4795505233467
1990,10,0,0,12.19,1.42917357843931,37,40.6,-38.3944,0.409691539583456,0,1,0.948051055536477,6.32439912336849,0.864026989188895,31.9076495545057,3.0041,43.0482267225996,99.0605934617425
1990,11,0,0,6.68,0.673189554719829,28.3,14.8,-21.1944,0.960331918336959,1,0.6,0.686197610784337,6.26336605205894,0.882651317447677,31.9303014789547,3.0041,42.7666164592457,99.3422037250964
1990,12,0,0,4.17,0.420682590037938,56.8,7.4,0,1,1,0.6,0.556031169867922,6.22396715522233,0.890369947866327,31.9402178576884,3.0041,42.6146861306449,99.4941340536971
1991,1,0,0,3.24,0.343488748069806,54.7,10.9,0,1,1,0.6,0.46828635551418,6.19198168555523,0.894675517255876,31.9460837739029,3.0041,42.5051273322282,99.6036928521138
1991,2,0,0,1.11,0.200384100843425,44.4,13.6,0,1,1,0.6,0.423641648454514,6.17339800835993,0.896475006625866,31.9487175625299,3.0041,42.4463322259702,99.6624879583718
1991,3,0,0,7.9,0.818212244970774,30.2,38.4,0,1,1,0.6,0.281401311881547,6.09809381705284,0.899857442139028,31.9545933310668,3.0041,42.2380459021402,99.8707742822018
1991,4,0,0,7.75,0.799633140142171,68.5,78.3,0,1,1,0.6,0.188663543701594,6.02538716000707,0.898272378224303,31.9547012655859,3.0041,42.0711243475189,100.037695836823
1991,5,0,0,10.33,1.14649726097639,12.8,81.5,-44.9444,0.2,1,0.6,0.168227210727828,6.00469849003221,0.897128173497558,31.9539808293176,3.0041,42.0281347035752,100.080685480767
1991,6,0,0,12.37,1.45781007261201,83.4,103.3,-39.0194,0.389682804890378,1,0.6,0.126630544886652,5.95374832430112,0.893444282946414,31.9510681332659,3.0041,41.9289912854,100.179828898942
1991,7,0,0,17.24,2.30099334676094,72.4,133.6,-44.9444,0.2,1,0.6,0.10060222922954,5.91279124404484,0.889674507176261,31.947750005218,3.0041,41.8549179856687,100.253902198673
1991,8,3.1909,0,17.15,2.28442628443132,15.9,117,-44.9444,0.2,1,0.6,1.96332561218574,7.18003859449589,0.885413749994305,31.9437836607401,3.0041,44.976661617416,100.323058566926
1991,9,0,0,14.52,1.81516816387966,90.6,67.4,-4.8944,1,0,1,0.432574652637179,6.86149641486117,1.00813841877518,32.0901148533881,3.0041,43.3964243396616,101.90329584468
1991,10,0,0,9.67,1.0524499574301,31.1,28.2,0,1,0,1,0.179956163935403,6.68331622540169,1.00684679815908,32.0989189083211,3.0041,42.9731380958173,102.326582088525
1991,11,0,0,6.53,0.6563358179177,66.3,10.8,0,1,1,0.6,0.129612000823772,6.61784155720015,1.00142036599041,32.0968127104632,3.0041,42.8497866344775,102.449933549865
1991,12,0,0,3.71,0.381378243769,12.1,3.4,0,1,1,0.6,0.107109990672752,6.58009112723785,0.997559156538317,32.0947438272853,3.0041,42.7836041017342,102.516116082608
1992,1,0,0,3.3,0.348197856120951,49.7,9.8,0,1,1,0.6,0.0899952893707116,6.5458131172795,0.99369918179353,32.0924181221084,3.0041,42.7260257105521,102.57369447379
1992,2,0,0,5.22,0.51857454087302,14.9,25.2,-4,1,1,0.6,0.0694404852377516,6.49509325775103,0.987515216600935,32.0883133979994,3.0041,42.6444623575891,102.655257826753
1992,3,0,0,7.46,0.764300880056965,47.2,47.1,0,1,1,0.6,0.0473856584308956,6.42105539034011,0.977716097783902,32.0811673783499,3.0041,42.5314245249048,102.768295659437
1992,4,0,0,8.64,0.91283647835926,59.1,70.3,0,1,1,0.6,0.0300211273557762,6.33373397706727,0.965309825103315,32.0713909082836,3.0041,42.4045558378099,102.895164346532
1992,5,0,0,13.2,1.59253220123385,69.1,127.4,-26.45,0.792079268652254,1,0.6,0.0159777240990927,6.21501893684122,0.947610767174188,32.0563865549053,3.0041,42.2390939830198,103.060626201322
1992,6,0,0,15.14,1.92295132302713,45.5,115.6,-44.9444,0.2,1,0.6,0.0131826342464648,6.17926861850894,0.942061829402597,32.0515753297083,3.0041,42.1901884118663,103.109531772476
1992,7,0,0,16.77,2.21480986409638,93,112.2,-36.0944,0.483323683253982,1,0.6,0.00771884966220299,6.08084013802464,0.926777008485447,32.0377248544164,3.0041,42.0571608505887,103.242559333753
1992,8,2.1673,0,15.92,2.06116855426435,102.4,108.7,-15.2194,1,1,0.6,1.28189453344467,6.78387172687004,0.898137875845614,32.009678414398,3.0041,43.9776825505584,103.489337633784
1992,9,0,0,13.77,1.68746962918644,115.3,58.4,0,1,0,1,0.314149716339951,6.50363498722803,0.96297557828267,32.0893432314276,3.0041,42.8742035132782,104.592816671064
1992,10,0,0,7.61,0.782479037262763,76.6,23,0,1,0,1,0.163662079545756,6.37764733745148,0.958980018945584,32.0904497481684,3.0041,42.5948391841112,104.872181000231
1992,11,0,0,7.32,0.747523789572484,100.5,10.7,0,1,1,0.6,0.112622544892261,6.30653512147232,0.952885064695302,32.0867462119903,3.0041,42.4628889430502,105.004131241292
1992,12,0,0,3.26,0.345054292921827,42.2,1.9,0,1,1,0.6,0.0947758632969675,6.27397799372183,0.949459910217496,32.08432068785,3.0041,42.4066344550863,105.060385729256
1993,1,0,0,5.88,0.585846414698556,81.6,17.7,0,1,0,1,0.0581664905216686,6.18275794822002,0.938638938681666,32.0756467993448,3.0041,42.2593101767681,105.207710007574
1993,2,0,0,4.24,0.426855851057191,8.8,14.1,-1.775,1,0,1,0.0407557207148692,6.11713008136049,0.929864721585198,32.0681029108101,3.0041,42.1599534344707,105.307066749871
1993,3,0,0,6.61,0.665297345735876,23.2,44,-11.575,1,0,1,0.0234104326018812,6.01622876450568,0.91553006345786,32.0549573969012,3.0041,42.0142266574666,105.452793526875
1993,4,0,0,9.37,1.01086535340904,96.2,60.1,0,1,1,0.6,0.0141222149228864,5.92569293737343,0.902026314986281,32.0419791004881,3.0041,41.8879205677707,105.579099616571
1993,5,0,0,11.66,1.34611609552347,64.8,100.7,-10.725,1,1,0.6,0.00720439341336426,5.80724275983114,0.883994777536304,32.0237172706135,3.0041,41.7262592013943,105.740760982948
1993,6,0,0,14.81,1.86534284101841,79.1,106.3,-11.35,1,1,0.6,0.00283493671936607,5.64700743653643,0.85945286808432,31.9971803378844,3.0041,41.5105755792245,105.956444605118
1993,7,0,0,15.61,2.00590221252188,51.2,110,-42.65,0.273452865407676,1,0.6,0.00215493327855382,5.60073563201783,0.8521791817432,31.9891937621488,3.0041,41.4483635091884,106.018656675154
1993,8,1.9398,0,14.92,1.88448593605673,40.2,104.7,-44.9444,0.2,1,0.6,1.14665476857439,6.36409148519074,0.847202632175711,31.9836626897759,3.0041,43.3457115757167,106.061108608625
1993,9,0,0,12.35,1.4546177437673,84.5,39.3,0,1,0,1,0.341184242603241,6.13681600809619,0.901830984554606,32.0468132261523,3.0041,42.4307444614063,106.976075722936
1993,10,0,0,8.45,0.888076468801248,103.3,23.3,0,1,0,1,0.162773377001168,6.0020683239316,0.89996216247513,32.0476885086734,3.0041,42.1165923720813,107.290227812261
1993,11,0,0,4.57,0.456639806802495,63.4,5.1,0,1,0,1,0.11125509702216,5.93393836648559,0.894592220968643,32.0432067276226,3.0041,41.987092412099,107.419727772243
1993,12,0,0,5.38,0.534480005690051,98.4,8.7,0,1,0,1,0.0712664543822419,5.85517646134474,0.886326152338486,32.0353936835767,3.0041,41.8522627516422,107.5545574327
1994,1,0,0,5.29,0.525501282086437,71.5,6.6,0,1,0,1,0.0459938639919643,5.77875697377679,0.876869145726778,32.0258883561993,3.0041,41.7316083396948,107.675211844647
1994,2,0,0,3.29,0.347410406099203,55.3,11,0,1,0,1,0.0344324462355505,5.7287842931028,0.87012393998949,32.0189139001853,3.0041,41.6563545795131,107.750465604829
1994,3,0,0,7.7,0.793485942753263,43.3,60.5,-2.075,1,0,1,0.0177744323297122,5.61626130548213,0.854229017218172,32.0015574724744,3.0041,41.4939222275044,107.912897956838
1994,4,0,0,8.13,0.847097744935001,54.3,87.9,-13.7,1,1,0.6,0.0116372617090898,5.54534994167834,0.843692549672911,31.9897356572097,3.0041,41.39451541027,108.012304774072
1994,5,0,0,10.55,1.17860660643601,65.6,96.4,-20.4,0.985763820481247,1,0.6,0.00650973201775405,5.44954605177031,0.829261346608093,31.9729040444214,3.0041,41.2623211748176,108.144499009525
1994,6,0,0,14.53,1.81689113188436,31.9,150.8,-44.9444,0.2,1,0.6,0.00542820863192843,5.41992316177764,0.824696428922806,31.9675328452043,3.0041,41.2216806445367,108.185139539805
1994,7,0,0,18.42,2.52078081211547,9.2,152,-44.9444,0.2,1,0.6,0.00421871718089774,5.37909043697184,0.8184019447718,31.9600046482556,3.0041,41.1658157471802,108.241004437162
1994,8,1.9398,0,16.55,2.17476041518859,47.2,132.7,-44.9444,0.2,1,0.6,1.14826411574722,6.13904001338913,0.812992244925462,31.9534473885796,3.0041,43.0578437626414,108.288776421701
1994,9,0,0,12.84,1.53356973252346,72.1,66.7,-22.8694,0.90670850935951,0,1,0.360414951691584,5.92929822104929,0.868427031495611,32.0148242070116,3.0041,42.1770644112481,109.169555773094
1994,10,0,0,9.83,1.07492948918868,65.8,30.2,0,1,0,1,0.147154261856938,5.77208071637724,0.867244615684915,32.0146557994359,3.0041,41.805235393355,109.541384790987
1994,11,0,0,9.57,1.03850610989401,34.8,11.1,0,1,0,1,0.0619334039976817,5.62415082467986,0.853403830040678,31.9995639033151,3.0041,41.5431519620333,109.803468222309
1994,12,0,0,6.08,0.607091934430749,58.9,13.9,0,1,0,1,0.0373431589188607,5.53943590754412,0.842670828919678,31.9875014627234,3.0041,41.4110513581061,109.935568826236
1995,1,0,0,4.4,0.441156289327847,103.3,16.1,0,1,1,0.6,0.0299512658365759,5.50290056947244,0.837646889515589,31.9817923522633,3.0041,41.3563910770879,109.990229107254
1995,2,0,0,6.29,0.629825274481664,64.6,30.2,0,1,1,0.6,0.0218600102452003,5.45115738513998,0.830321624778723,31.9732832514725,3.0041,41.2807222716364,110.065897912706
1995,3,0,0,5.31,0.527489470741021,53.2,61.1,0,1,1,0.6,0.0167921953514196,5.40819614940869,0.824065623253812,31.9658984982024,3.0041,41.2190524662163,110.127567718126
1995,4,0,0,9.07,0.97003009425625,18.5,83.9,-44.425,0.216628058879335,1,0.6,0.0151173992376524,5.39117615810872,0.821540654921155,31.9629030136489,3.0041,41.1948372259164,110.151782958426
1995,5,0,0,11.42,1.30914256603881,28.5,127.2,-44.9444,0.2,1,0.6,0.013262388427308,5.37004422776699,0.818388130817982,31.9591315187406,3.0041,41.1649262657528,110.181693918589
1995,6,0,0,13.86,1.7026305983483,15.7,132.8,-44.9444,0.2,1,0.6,0.0111860675080092,5.34268455752027,0.814283326965712,31.954167256472,3.0041,41.1264212084659,110.220198975876
1995,7,0,0,18.72,2.57736063794543,36.6,157,-44.9444,0.2,1,0.6,0.00864458374026993,5.30153377849557,0.808078895449408,31.9465394135291,3.0041,41.0688966712143,110.277723513128
1995,8,0,0,18.7,2.57358050307081,1.9,153.1,-44.9444,0.2,1,0.6,0.00668305298834879,5.26075961253223,0.801885914096829,31.9388069669229,3.0041,41.0122355465403,110.334384637802
1995,9,2.5933,0,13.16,1.5859418570357,148.4,54.2,0,1,0,1,1.53234805274988,6.1189933457022,0.771658830631911,31.8976438877738,3.0041,43.3247441168578,110.615176067484
1995,10,0,0,13.12,1.57936116022895,29.1,43,-3.15,1,0,1,0.410929724305644,5.88209839410154,0.86095799235464,31.9939872764788,3.0041,42.1520733872407,111.787846797102
1995,11,0,0,7.36,0.752298527478635,65.2,6.8,0,1,1,0.6,0.282103196503962,5.81609509150168,0.864303433481198,31.9986368962609,3.0041,41.9652386177478,111.974681566594
1995,12,0,0,1.51,0.223724884374807,85.2,0.1,0,1,1,0.6,0.252247439076392,5.79660972696758,0.864351021288376,31.9989979233032,3.0041,41.9163061106356,112.023614073707
1996,1,0,0,3.73,0.383041479893759,37.1,6.6,0,1,1,0.6,0.208281341039484,5.76340009380769,0.863713448023149,31.9987399903537,3.0041,41.838234873224,112.101685311118
1996,2,0,0,2.05,0.257803025310359,58.5,19,0,1,1,0.6,0.183091907630523,5.74115580166756,0.862816229621461,31.9980277987728,3.0041,41.7891917376923,112.15072844665
1996,3,0,0,4.15,0.418928110614905,23.2,33,-1.55,1,1,0.6,0.148490977519003,5.70519194375334,0.860733624017497,31.9960871569166,3.0041,41.7146037022065,112.225316482136
1996,4,0,0,8.3,0.868754071811216,30.7,72.1,-24.925,0.840900581303365,1,0.6,0.103054327120654,5.64301552690971,0.855667527587254,31.9908420126971,3.0041,41.5966793943147,112.343240790027
1996,5,0,0,8.87,0.943230382341938,24,107.1,-44.9444,0.2,1,0.6,0.0937782786891171,5.62707010677756,0.854083393869835,31.9891817814814,3.0041,41.5682135608179,112.371706623524
1996,6,0,0,14.5,1.81172378794139,26.1,151.3,-44.9444,0.2,1,0.6,0.0782384238082031,5.59656898098005,0.850838646584909,31.9857010268454,3.0041,41.5154470782185,112.424473106124
1996,7,0,0,16.48,2.16205785610243,42.2,140.9,-44.9444,0.2,1,0.6,0.0630264887461541,5.56038613414708,0.846658425616569,31.9811172155738,3.0041,41.4552882640836,112.484631920259
1996,8,2.8625,0,16.58,2.18021039979828,63.5,100.5,-44.9444,0.2,1,0.6,1.74012763677942,6.69718887649519,0.842168029654601,31.9761030657301,3.0041,44.2596876086593,112.542732575683
1996,9,0,0,13.47,1.63726635082029,14.7,71,-44.9444,0.2,0,1,1.32456054446464,6.64258726491725,0.878356637890739,32.018784790279,3.0041,43.8683892375517,112.934030946791
1996,10,0,0,11.35,1.29843534027121,40.1,43.1,-37.1694,0.448908659581889,0,1,0.814931148026771,6.5464935093875,0.918360384505913,32.0671872631465,3.0041,43.3510723050667,113.451347879275
1996,11,0,0,5.58,0.554725457107006,81.9,15.5,0,1,1,0.6,0.617538182235268,6.49224691306967,0.93085389436981,32.0836256475036,3.0041,43.1283646371783,113.674055547164
1996,12,0,0,2.24,0.270502527963303,27.3,0.3,0,1,1,0.6,0.539417382705404,6.46595774575197,0.934948224703364,32.089465547861,3.0041,43.0338889010217,113.76853128332
1997,1,0,0,1.6,0.229198649098967,13.7,1.9,0,1,1,0.6,0.481011083105058,6.44376608314653,0.937583645951951,32.0934753334577,3.0041,42.9599361456613,113.842484038681
1997,2,0,0,6.52,0.655219996891974,54.5,30.3,0,1,1,0.6,0.346637759243477,6.38074501950538,0.941829001316293,32.1009805297605,3.0041,42.7742923098256,114.028127874517
1997,3,0,0,8.31,0.87003601536206,7,55.7,-34.775,0.525562922540457,1,0.6,0.275793108494715,6.33713000077349,0.942320217001807,32.1034402102005,3.0041,42.6627835364705,114.139636647872
1997,4,0,0,8.16,0.850900631201073,10.7,75.5,-44.9444,0.2,1,0.6,0.253296544401237,6.32097382674171,0.942076212573787,32.1038858246494,3.0041,42.6243324083662,114.178087775976
1997,5,0,0,11.12,1.26350221937614,60,112.1,-44.9444,0.2,1,0.6,0.223231799817704,6.29705948573332,0.941377121626155,32.1041375215365,3.0041,42.5699059287136,114.232514255629
1997,6,0,0,14.25,1.76884649903226,97.5,114.1,-33.0194,0.581766657943926,1,0.6,0.133444109477666,6.20060543070894,0.935491638451604,32.1011062146612,3.0041,42.3747473932994,114.427672791043
1997,7,0,0,16.57,2.17839333789987,34.9,128.1,-44.9444,0.2,1,0.6,0.107323045273336,6.16021547957571,0.931701084280147,32.0983498046635,3.0041,42.3016894137927,114.500730770549
1997,8,2.042,0,19.65,2.75433183346036,29.8,115.9,-44.9444,0.2,1,0.6,1.2866726880864,6.94633496955062,0.926227280457321,32.0939499538242,3.0041,44.2572848919185,114.587135292424
1997,9,0,0,14.57,1.82378819007707,17.9,83.6,-44.9444,0.2,0,1,0.949418939936909,6.88327968678843,0.95248487435206,32.1268650704784,3.0041,43.9161485715558,114.928271612786
1997,10,0,0,9.79,1.06929016478244,60.8,33.1,-8.9694,1,0,1,0.389465395499921,6.70171177721763,0.985018193998142,32.1717146970215,3.0041,43.2520100637372,115.592410120605
1997,11,0,0,8.2,0.855983715747791,64.6,10.4,0,1,1,0.6,0.253860057408137,6.6162134980894,0.985714578884733,32.17721176453,3.0041,43.0370998989123,115.80732028543
1997,12,0,0,5.43,0.539503563895392,51.6,9.4,0,1,1,0.6,0.193839670791141,6.56288749943489,0.983411669887973,32.1775723406026,3.0041,42.9218111807166,115.922609003625
1998,1,0,0,5.14,0.510719150970342,54,12.6,0,1,1,0.6,0.15015555688987,6.51280270388883,0.979880506511158,32.1762911328844,3.0041,42.8232299001743,116.021190284168
1998,2,0,0,7.17,0.729752504328333,8,28.5,-13.375,1,1,0.6,0.104250384664965,6.44190045878506,0.9732355611648,32.1723886947442,3.0041,42.6958750993591,116.148545084983
1998,3,0,0,7.59,0.780043222015047,50.6,41.9,0,1,1,0.6,0.0705819142437308,6.36696529684287,0.964646201852166,32.1662535953571,3.0041,42.5725470082958,116.271873176046
1998,4,0,0,7.8,0.805803296863316,124.1,63,0,1,1,0.6,0.0471753868276279,6.29047070071666,0.954732520611673,32.158422230159,3.0041,42.454900838315,116.389519346027
1998,5,0,0,12.58,1.49148600601161,13.9,119.2,-44.9444,0.2,1,0.6,0.0406388168727593,6.26238712988652,0.950838607916232,32.1552383279145,3.0041,42.41320288259,116.431217301752
1998,6,0,0,14.48,1.80828149611832,112.5,117.3,-20.4194,0.985142749356375,1,0.6,0.016676757576151,6.09726440262946,0.927184762904268,32.1339662745465,3.0041,42.1791921976564,116.665227986686
1998,7,0,0,15.91,2.05937911912947,28.7,139.1,-44.9444,0.2,1,0.6,0.0135729396123189,6.0597107907816,0.921434744368435,32.1286775819654,3.0041,42.1274960567278,116.716924127614
1998,8,2.3551,0,16.02,2.07908685444969,25.4,131.4,-44.9444,0.2,1,0.6,1.40100506376299,6.98715240269201,0.915617002700412,32.1232326443017,3.0041,44.4311071134571,116.768413070885
1998,9,0,0,14.92,1.88448593605673,103.1,74.1,0,1,0,1,0.291354347096595,6.66560647342214,0.990760393333853,32.2165359466856,3.0041,43.1683571605382,118.031163023804
1998,10,0,0,10.53,1.17567220836429,102.9,41.4,0,1,0,1,0.109378393852486,6.47254340084759,0.979688128784141,32.213299325744,3.0041,42.7790092492282,118.420510935114
1998,11,0,0,5.25,0.521537061298182,70.2,10.2,0,1,1,0.6,0.0842715938364584,6.42210587689866,0.974084303886801,32.2095490294283,3.0041,42.6941108040503,118.505409380292
1998,12,0,0,5.58,0.554725457107006,57.7,-1.4,0,1,1,0.6,0.0638592928959021,6.36889000117604,0.967538513195129,32.2047445704976,3.0041,42.6091323777647,118.590387806577
1999,1,0,0,5.54,0.550644140309619,71.7,-3.5,0,1,0,1,0.0403589023073659,6.28181591272896,0.955894662008883,32.1954163770007,3.0041,42.4775858540459,118.721934330296
1999,2,0,0,5,0.497128861750575,18.6,4.7,0,1,0,1,0.0266699628733804,6.20422725607274,0.944758216531176,32.185944676597,3.0041,42.3657001120743,118.833820072268
1999,3,0,0,7.35,0.751103436742826,36.8,-9.5,0,1,0,1,0.0142622817898622,6.08881382966818,0.927549091129091,32.1703589921966,3.0041,42.2050841947838,118.994435989558
1999,4,0,0,9.48,1.02602684517245,47.8,0.4,0,1,0,1,0.00606537302186883,5.93461773959318,0.903990811492578,32.1474823774821,3.0041,41.9962563015897,119.203263882752
1999,5,0,0,12.94,1.54986847153034,26.5,10.2,0,1,1,0.6,0.00279452405803755,5.79824097334169,0.882814491144068,32.1257489218579,3.0041,41.8136989104017,119.38582127394
1999,6,0,0,13.6,1.65895756327472,97.2,8.2,0,1,1,0.6,0.00121918551741634,5.65573586560488,0.860684208966843,32.1017292339799,3.0041,41.623468494069,119.576051690273
1999,7,0,0,17.71,2.38797908184639,10.2,160.8,-44.9444,0.2,1,0.6,0.000960198849509011,5.61536331466355,0.854299375372238,32.0947052483174,3.0041,41.5694281372027,119.630092047139
1999,8,0,0,16.28,2.1258749050142,114.2,91.2,0,1,1,0.6,0.00033169071235009,5.43912480681738,0.827286971054056,32.0627824733494,3.0041,41.3336259419332,119.865894242409
1999,9,0,0,15.95,2.06653948033028,71,67.6,0,1,1,0.6,0.000118029336178061,5.27310869912236,0.801991431187629,32.0309185513718,3.0041,41.110236711018,120.089283473324
1999,10,2.061,0,10.37,1.15230754882081,66.8,30.1,0,1,1,0.6,1.2164685390976,6.02734602727695,0.788088679364783,32.0128379985724,3.0041,43.0488412443117,120.21167894003
1999,11,0,0,7.39,0.755889418325253,32.4,8.6,0,1,0,1,0.647940876011194,5.91451530228652,0.832804947540052,32.0626995936909,3.0041,42.4620607195287,120.798459464813
1999,12,0,0,4.46,0.446587061958173,73.8,3.1,0,1,0,1,0.446591169507893,5.84884890613751,0.844297732697225,32.0760559402828,3.0041,42.2198937486254,121.040626435717
2000,1,0,0,4.53,0.452969849657592,28.6,3.9,0,1,1,0.6,0.356081145498591,5.80924332636239,0.847786661043502,32.0803307096742,3.0041,42.0975418425787,121.162978341763
2000,2,0,0,6.09,0.608164613933471,74,22.4,0,1,1,0.6,0.262716718238217,5.75648967063372,0.849535272000778,32.0826537978876,3.0041,41.9554954587603,121.305024725582
2000,3,0,0,7.04,0.714522712599204,25.4,46,-9.1,1,1,0.6,0.183793892148893,5.69512198341544,0.848386404559739,32.0816295887292,3.0041,41.8130318688532,121.447488315489
2000,4,0,0,7.78,0.803332482932797,137.8,64.5,0,1,1,0.6,0.122995619010767,5.62690765247502,0.844224598516966,32.0770373623393,3.0041,41.6752652323421,121.585254952
2000,5,0,0,11.96,1.39289560885042,96.2,105.6,0,1,1,0.6,0.0612951629816158,5.51056189170291,0.832855345549299,32.0635648795501,3.0041,41.4723772797839,121.788142904558
2000,6,0,0,15.66,2.01478700835641,21.4,123.5,-44.9444,0.2,1,0.6,0.0501100823161133,5.47735452593276,0.828814723285485,32.0588188875185,3.0041,41.4191982190529,121.841321965289
2000,7,0,0,15.26,1.94403133035858,43.4,109.1,-44.9444,0.2,1,0.6,0.0412569299988639,5.44550305019636,0.824742932570577,32.0539805888499,3.0041,41.3695835016157,121.890936682726
2000,8,0,0,17.17,2.28810529160241,66.6,116.8,-44.9444,0.2,1,0.6,0.0328190312932867,5.4082513969909,0.819791495761166,32.048013878999,3.0041,41.3129758030444,121.947544381298
2000,9,3.0874,0,15.21,1.93523961122849,83.6,75.6,-18.0444,1,0,1,1.82872591155296,6.41804010575381,0.784674683358053,32.0007579573416,3.0041,44.0362986580064,122.311621526336
2000,10,0,0,10.59,1.1844845601801,137.4,35,0,1,0,1,0.681505494419017,6.23077471635085,0.882644975584612,32.1107511136481,3.0041,42.9097763000026,123.43814388434
2000,11,0,0,7.01,0.711030934361183,85.6,12.7,0,1,1,0.6,0.477607299736552,6.16467373821995,0.894100458058118,32.1254044272736,3.0041,42.6658859232882,123.682034261054
2000,12,0,0,5.48,0.544552348819847,70.4,3.2,0,1,1,0.6,0.363766679509901,6.11452402219034,0.898292371111193,32.1315291869433,3.0041,42.5122122597548,123.835707924587
2001,1,0,0,2.97,0.322760724901242,50,1.2,0,1,1,0.6,0.309553924914987,6.08499264355452,0.899335374987848,32.1335566285808,3.0041,42.4315385720381,123.916381612304
2001,2,0,0,4.57,0.456639806802495,79.6,13,0,1,1,0.6,0.246364563882575,6.04345531496046,0.899422076199933,32.1347781178426,3.0041,42.3281200728855,124.019800111457
2001,3,0,0,5.29,0.525501282086437,97.6,28.6,0,1,1,0.6,0.189437994440869,5.99600492222385,0.897891319555127,32.1342508155449,3.0041,42.2216850517647,124.126235132577
2001,4,0,0,7.88,0.815723151289471,80.4,65,0,1,1,0.6,0.12598970398619,5.92308574548552,0.893039635688631,32.130348635798,3.0041,42.0765637209583,124.271356463384
2001,5,0,0,12.32,1.44983415043296,48.2,114.7,-37.825,0.427920297238237,1,0.6,0.0923876636005433,5.86822000541311,0.887831586170018,32.1255522561714,3.0041,41.978091511355,124.369828672987
2001,6,0,0,14.24,1.76713831446161,25.4,127.1,-44.9444,0.2,1,0.6,0.0774226696673958,5.83719245381726,0.884429376114144,32.1222914214076,3.0041,41.9254359210064,124.422484263336
2001,7,0,0,17.3,2.31205442021549,80.2,130.8,-44.9444,0.2,1,0.6,0.0614408046610194,5.79684482460692,0.879653933203054,32.1175580693935,3.0041,41.8595976318645,124.488322552478
2001,8,2.2117,0,17.25,2.30283595436112,85.6,100.8,-34.9444,0.520139755089246,1,0.6,1.33910193888732,6.59997794022696,0.866293097708482,32.1034475129824,3.0041,43.9129204898052,124.646699694537
2001,9,0,0,13.09,1.57443199250892,70.4,59.9,-9.46939999999999,1,0,1,0.360585036207579,6.34524368857864,0.935998860931283,32.1855019664743,3.0041,42.8314295521918,125.72819063215
2001,10,0,0,13.68,1.67235445947842,111.6,28.9,0,1,0,1,0.0894875130674457,6.08542547136697,0.925358067554372,32.1799828915266,3.0041,42.2843539435154,126.275266240827
2001,11,0,0,6.77,0.683406217348879,53,6.6,0,1,1,0.6,0.0635861696314314,6.02336186075682,0.918029324134655,32.1736193623108,3.0041,42.1826967168337,126.376923467508
2001,12,0,0,2.62,0.297017298219354,22.2,-1.8,0,1,1,0.6,0.0548108046115277,5.99658591195579,0.914583939535672,32.1705315010708,3.0041,42.1406121571738,126.419008027168
2002,1,0,0,5.51,0.547593713962532,46.8,5.9,0,1,1,0.6,0.0416828795429742,5.94753225753918,0.90800530344936,32.1644242976234,3.0041,42.0657447381549,126.493875446187
2002,2,0,0,6.92,0.700607069798201,68.2,26.8,0,1,1,0.6,0.0293645142513797,5.88535628947975,0.899254241314812,32.1559859665138,3.0041,41.9740610115597,126.585559172782
2002,3,0,0,7.36,0.752298527478635,40,46.1,0,1,1,0.6,0.0201587348009388,5.8193164298827,0.889582996860029,32.1463356463991,3.0041,41.8794938079428,126.680126376399
2002,4,0,0,9.28,0.998535399238146,29.4,86.6,-35.55,0.500752091521041,1,0.6,0.0156994917391976,5.77583319730584,0.883031181298743,32.1396647275979,3.0041,41.8183285979417,126.7412915864
2002,5,0,0,11.9,1.38349040831823,62.4,112.8,-44.9444,0.2,1,0.6,0.0136710341330987,5.75191044750454,0.879373313116891,32.135901121805,3.0041,41.7849559165596,126.774664267783
2002,6,0,0,14.66,1.83933674575755,27.6,125.8,-44.9444,0.2,1,0.6,0.0113741771427685,5.720258754267,0.874507652817989,32.1308257532016,3.0041,41.7410663374293,126.818553846913
2002,7,0,0,16.51,2.16749938983781,55.2,119.4,-44.9444,0.2,1,0.6,0.00915770575731205,5.68318345386097,0.868775094618831,32.1247519561365,3.0041,41.6899682103736,126.869651973968
2002,8,2.296,0,17.38,2.32682265037726,40.2,91.6,-44.9444,0.2,1,0.6,1.36235581465486,6.58455111433488,0.862629600449409,32.1181339083461,3.0041,43.9317704377853,126.923849746557
2002,9,0,0,13.95,1.71783692073746,19.4,61.1,-44.9444,0.2,0,1,1.02317369704848,6.52823738001878,0.890302647520081,32.1511893098623,3.0041,43.5970030344497,127.258617149892
2002,10,0,0,9.96,1.09334618361484,109.8,28.9,0,1,0,1,0.411390433611855,6.35221344238597,0.92988087186417,32.2001127670397,3.0041,42.8976975149017,127.95792266944
2002,11,0,0,8.48,0.891964845295493,120.2,7.3,0,1,1,0.6,0.263370108888205,6.26779020476221,0.932269034655627,32.2058704691449,3.0041,42.673399817451,128.182220366891
2002,12,0,0,5.59,0.555748298935564,109.6,-2.3,0,1,1,0.6,0.199474448728851,6.21575767733383,0.930690270615907,32.2060118361151,3.0041,42.5560342327937,128.299585951548
2003,1,0,0,4.03,0.408488190892056,74.4,2.8,0,1,1,0.6,0.162624206278361,6.17778816772059,0.928463022314793,32.2048730175785,3.0041,42.4778484138922,128.37777177045
2003,2,0,0,3.98,0.40418224933279,17.6,12.1,0,1,1,0.6,0.132867306070078,6.14044719153338,0.925578426256083,32.2029137898611,3.0041,42.4059067137206,128.449713470621
2003,3,0,0,7.79,0.804567431681838,20.2,52.7,-19.325,1,1,0.6,0.0888604547972361,6.06678651554401,0.918427843170299,32.1970896753415,3.0041,42.2752644888531,128.580355695489
2003,4,0,0,8.99,0.959269187808562,28.3,68.3,-42.25,0.286258455611246,1,0.6,0.0774604712240443,6.04184891455682,0.915590760926599,32.1946449633332,3.0041,42.2336451100407,128.621975074301
2003,5,0,0,12.18,1.42758892755068,18,123.5,-44.9444,0.2,1,0.6,0.0671553683060324,6.01602841577382,0.912497240604271,32.1919021327865,3.0041,42.1916831574706,128.663937026871
2003,6,0,0,16.17,2.10604501483806,53.6,134.9,-44.9444,0.2,1,0.6,0.0544021874362855,5.97813815973307,0.907726957372515,32.1875320324707,3.0041,42.1318993370126,128.723720847329
2003,7,0,0,17.69,2.38426196542841,47.4,135.5,-44.9444,0.2,1,0.6,0.0428616791458699,5.93553038123598,0.902080266839258,32.1821953225796,3.0041,42.0667676498007,128.788852534541
2003,8,2.2412,0,18.44,2.52454453085375,5.2,125.5,-44.9444,0.2,1,0.6,1.35605511836382,6.80919041079935,0.895886616222676,32.176177805176,3.0041,44.2414099505618,128.85541023378
2003,9,0,0,14.37,1.78938636045723,20.8,74,-44.9444,0.2,0,1,1.00636897257534,6.74854076724843,0.923973159431385,32.2104611529837,3.0041,43.8934440522388,129.203376132103
2003,10,0,0,8.82,0.93658406247721,38,34.1,-32.5194,0.597773645698388,0,1,0.631153857528064,6.65474189281631,0.94966459420497,32.2434694429951,3.0041,43.4831297875444,129.613690396798
2003,11,0,0,8.46,0.889371712016263,101.8,9.9,0,1,1,0.6,0.404585792049718,6.56655335580146,0.959991471806959,32.2591723943623,3.0041,43.1944030140204,129.902417170322
2003,12,0,0,4.48,0.448405565389101,73.6,0.2,0,1,1,0.6,0.323325975175528,6.5225343733764,0.961567308507391,32.2631134264825,3.0041,43.0746410835419,130.0221791008
2004,1,0,0,4.97,0.494242645310608,76,7.1,0,1,0,1,0.214174725093499,6.44243736829899,0.960400078391266,32.2654489615128,3.0041,42.8865611332966,130.210259051046
2004,2,0,0,5.09,0.505842566450352,34.6,17.3,0,1,0,1,0.140506911853013,6.36147887406465,0.955261290662151,32.2631600700851,3.0041,42.7245071466649,130.372313037677
2004,3,0,0,6.33,0.634204593249995,40.4,39.2,0,1,0,1,0.082826897240405,6.26141227598007,0.945399677974787,32.2559402830729,3.0041,42.5496791342681,130.547141050074
2004,4,0,0,9.35,1.00811952063218,101.2,68.6,0,1,0,1,0.0357536818987601,6.10557797110551,0.925797953728464,32.2386393438923,3.0041,42.3098689506251,130.786951233717
2004,5,0,0,12.36,1.45621358194068,19.8,124.7,-44.9444,0.2,1,0.6,0.0309085206727213,6.07896307219886,0.922007530598679,32.23519708621,3.0041,42.2711762096803,130.825643974662
2004,6,0,0,15.61,2.00590221252188,24.2,141.1,-44.9444,0.2,1,0.6,0.0252908248185733,6.04249150343188,0.916723682785458,32.2302996071102,3.0041,42.2189056181461,130.877914566196
2004,7,0,0,16.23,2.11685502472908,46.2,130.1,-44.9444,0.2,1,0.6,0.0204658198882916,6.00423985627265,0.911080758925754,32.2249634837907,3.0041,42.1648499188774,130.931970265465
2004,8,0,0,18.19,2.4775855547344,109.6,115.4,-21.8944,0.937922135480711,1,0.6,0.00640362992220178,5.79855719643182,0.8806937556276,32.1934457527476,3.0041,41.8832003347292,131.213619849613
2004,9,0,0,15.07,1.91068669015043,25.6,83.7,-44.9444,0.2,1,0.6,0.00528988409758798,5.76541459669203,0.875526218180586,32.188035183458,3.0041,41.8383658824282,131.258454301914
2004,10,2.4946,0,10.74,1.20663503259444,103.4,30.5,0,1,1,0.6,1.47520645465734,6.68428909069938,0.859568793813775,32.1706082583597,3.0041,44.1937725975302,131.397647586812
2004,11,0,0,7.28,0.742764068751274,61.8,5.4,0,1,0,1,0.794396868651898,6.56131315657773,0.914629748745638,32.235835835119,3.0041,43.5102756090942,132.081144575248
2004,12,0,0,4.89,0.486590994735046,28.8,1.6,0,1,0,1,0.529583408268073,6.48197977387905,0.930669661444518,32.2568868051786,3.0041,43.2032196487703,132.388200535572
2005,1,0,0,5.56,0.55268278801589,23.4,14.3,0,1,1,0.6,0.401717570726162,6.42846472691851,0.935862539013802,32.264905336924,3.0041,43.0350501735825,132.55637001076
2005,2,0,0,3.85,0.393108112109317,33.6,15.7,0,1,1,0.6,0.330033850103272,6.39067004241864,0.937477733575239,32.2682802263057,3.0041,42.9305618524029,132.660858331939
2005,3,0,0,6.74,0.679991986838766,45,40.2,0,1,1,0.6,0.23490924119152,6.32581728355982,0.937332083054111,32.2705948326601,3.0041,42.7727534404656,132.818666743877
2005,4,0,0,9.01,0.961954302143266,33.4,73.6,-21.8,0.940944254768754,1,0.6,0.149399891263207,6.24051094005846,0.932940446664516,32.2686241759324,3.0041,42.5955754539185,132.995844730424
2005,5,0,0,11.33,1.29538255767267,27,115.9,-44.9444,0.2,1,0.6,0.131247950893247,6.21630645455445,0.930975518296551,32.2672820111892,3.0041,42.5499119349335,133.041508249409
2005,6,0,0,15.56,1.99702879506593,42.8,126.8,-44.9444,0.2,1,0.6,0.107488666016141,6.17917536443507,0.927545399999491,32.2646803133991,3.0041,42.4829897438498,133.108430440492
2005,7,0,0,16.77,2.21480986409638,51,124.8,-44.9444,0.2,1,0.6,0.0861340172305262,6.13825436767832,0.923258987876116,32.2611604523409,3.0041,42.4129078251259,133.178512359216
2005,8,0,0,16.21,2.11325000442471,48,112.3,-44.9444,0.2,1,0.6,0.0697264286265936,6.09946246488081,0.918788379322603,32.2572917233003,3.0041,42.3493689961303,133.242051188212
2005,9,2.0861,0,15.44,1.97577945375457,69,69.4,-27.9944,0.742636884876271,0,1,1.2517452607808,6.73465868265641,0.89024149256327,32.2286145142967,3.0041,44.1093599502972,133.568160234045
2005,10,0,0,13.27,1.60408839874672,66,30.9,0,1,0,1,0.328834219883841,6.46992761369667,0.952515911074756,32.3039223907261,3.0041,43.0593001353813,134.618220048961
2005,11,0,0,5.85,0.582693862846823,35,10.7,0,1,1,0.6,0.24572347084899,6.41362422273573,0.95234762958096,32.3062028178343,3.0041,42.921998141,134.755522043342
2005,12,0,0,4.22,0.425086891724662,28.8,0.2,0,1,1,0.6,0.198673615583208,6.37285911242432,0.95078086434303,32.3062068426376,3.0041,42.8326204349882,134.844899749354
2006,1,0,0,3.78,0.387217742624618,20.8,1.8,0,1,1,0.6,0.163703110307278,6.33595114005416,0.948538029918575,32.3052382678306,3.0041,42.7575305481106,134.919989636231
2006,2,0,0,3.28,0.346623995567065,31.6,17.1,0,1,1,0.6,0.13765388933765,6.30309374229504,0.945992743261296,32.3037188086462,3.0041,42.6945591835402,134.982961000802
2006,3,0,0,4.91,0.488497777033629,42.4,40.9,0,1,1,0.6,0.107823280787944,6.25707683265127,0.941743286937483,32.3007123009398,3.0041,42.6114557013165,135.066064483026
2006,4,0,0,8.79,0.932606624561408,38.4,81,-22.35,0.923336568238845,1,0.6,0.0701011148638773,6.17677610445286,0.932907147392012,32.2935100736809,3.0041,42.4773944403897,135.200125743952
2006,5,0,0,12.49,1.47701862989091,79,102.8,-20.45,0.984163121705802,1,0.6,0.0338901721411858,6.0435528573282,0.915710381534081,32.2777079332774,3.0041,42.2749613442809,135.402558840061
2006,6,0,0,15.98,2.07191432529208,9,140.5,-44.9444,0.2,1,0.6,0.0275481017846441,6.00610419231464,0.910365925469103,32.2726611429095,3.0041,42.2207793624779,135.456740821864
2006,7,0,0,19.9,2.80227493714276,66.2,143.6,-44.9444,0.2,1,0.6,0.0208156714637034,5.95582357288046,0.903035700280064,32.2655575754114,3.0041,42.1493325200356,135.528187664306
2006,8,3.0533,0,16.37,2.14213688481805,57.6,88.7,-44.9444,0.2,1,0.6,1.81885956798154,7.16891406583571,0.89735519778987,32.2599508183003,3.0041,45.1491796499075,135.581640534435
2006,9,0,0,17.26,2.30467892454324,70.4,51.4,-13.0944,1,0,1,0.266506651552669,6.76753703367559,1.013099051154,32.3975590166282,3.0041,43.4488017530104,137.282018431332
2006,10,0,0,13.31,1.61070506952858,92.8,1,0,1,0,1,0.0696264815913197,6.50043818714407,0.992093095006526,32.386870779745,3.0041,42.953128543487,137.777691640855
2006,11,0,0,8.14,0.848364474848531,51.6,-20.7,0,1,1,0.6,0.0455569294326402,6.41824118158472,0.981121940855856,32.37868024574,3.0041,42.8277002976132,137.903119886729
2006,12,0,0,6.18,0.617863160403413,50,-6.2,0,1,1,0.6,0.0334493100476436,6.35903205721239,0.972642991479168,32.3719731173496,3.0041,42.7411974760888,137.989622708253
2007,1,0,0,6.95,0.704073101395858,63.6,17.2,0,1,1,0.6,0.0235233750388427,6.29222709364354,0.962721705412716,32.3637653690088,3.0041,42.6463375431039,138.084482641238
2007,2,0,0,5.68,0.564999040179762,63,13.5,0,1,1,0.6,0.0177342019601541,6.23912589340389,0.954614037747941,32.3568437558317,3.0041,42.5724178889437,138.158402295398
2007,3,0,0,6.88,0.695999082227326,35.4,49.2,-1.50000000000001,1,1,0.6,0.0125221058208457,6.17432833631087,0.944575246171862,32.347991941322,3.0041,42.4835176296256,138.247302554716
2007,4,0,0,10.82,1.21851793862295,2,83.7,-44.9444,0.2,1,0.6,0.0110855643644761,6.15179895058012,0.941025589579617,32.3448244366868,3.0041,42.452834541211,138.277985643131
2007,5,0,0,12.11,1.41651498828137,120.6,96.3,0,1,1,0.6,0.00545965859863143,6.02246609946332,0.920846857760808,32.3258019011258,3.0041,42.2786745169485,138.452145667394
2007,6,0,0,15.56,1.99702879506593,46.2,110.8,-36.9,0.457533224583993,1,0.6,0.00345745492633615,5.94048762138415,0.907848851012857,32.3131285447143,3.0041,42.1690224720376,138.561797712304
2007,7,0,0,15.81,2.04150893859021,94.6,127.5,-37.925,0.424718899687345,1,0.6,0.00224117220082727,5.86372583574329,0.895649842784302,32.3008644482096,3.0041,42.066581298938,138.664238885404
2007,8,1.9742,0,15.66,2.01478700835641,49.2,101.1,-44.9444,0.2,1,0.6,1.16700504531613,6.63741741791473,0.889992769497359,32.295099028162,3.0041,43.9936142608902,138.711405923452
2007,9,0,0,13.8,1.69251821879601,21.2,63,-44.9444,0.2,0,1,0.880165172426981,6.58148467017695,0.912034290745365,32.3220303225092,3.0041,43.6998144558585,139.005205728484
2007,10,0,0,10.58,1.18301392854732,78.4,21,0,1,0,1,0.328410596904979,6.38968521749114,0.942692557964141,32.3617988610621,3.0041,43.0266872334224,139.67833295092
2007,11,0,0,6.72,0.677720650615925,53.1,9.3,0,1,1,0.6,0.234019470704565,6.32505794399993,0.942406308512775,32.3640130318933,3.0041,42.8695967551105,139.835423429232
2007,12,0,0,4.63,0.46217559960451,52.5,5.6,0,1,1,0.6,0.185734181578562,6.28136027726201,0.94049255606518,32.3635571381519,3.0041,42.7752441530577,139.929776031284
